Workbook

Sheet Excluded
A1: no | B1: remove | C1: opsin name | D1: other name | E1: source (species) | F1: Rhodopsin Type (Microbial) | G1: class (function) | H1: molecular_function | I1: PDB ID | J1: method | K1: resolution | L1: reference | M1: sequence | N1: pdb_id | O1: structure_sequence | P1: uniprot_id | Q1: length | R1: seq | S1: end | T1: start | U1: name | V1: protein | W1: protein_id | X1: experimentally_determined | Y1: display_name | Z1: short_name | AA1: molecular_function_normalized | AB1: full_protein
A2: 2 | B2: include | C2: CrChR1 | E2: Chlamydomonas reinhardtii | F2: Eukaryota | G2: cation channel | H2: non-selective cation channel | M2: MSRRPWLLALALAVALAAGSAGASTGSDATVPVATQDGPDYVFHRAHERMLFQTSYTLENNGSVICIPNNGQCFCLAWLKSNGTNAEKLAANILQWITFALSALCLMFYGYQTWKSTCGWEEIYVATIEMIKFIIEYFHEFDEPAVIYSSNGNKTVWLRYAEWLLTCPVILIHLSNLTGLANDYNKRTMGLLVSDIGTIVWGTTAALSKGYVRVIFFLMGLCYGIYTFFNAAKVYIEAYHTVPKGICRDLVRYLAWLYFCSWAMFPVLFLLGPEGFGHINQFNSAIAHAILDLASKNAWSMMGHFLRVKIHEHILLYGDIRKKQKVNVAGQEMEVETMVHEEDDETQKVPTAKYANRDSFIIMRDRLKEKGFETRASLDGDPNGDAEANAAAGGKPGMEMGKMTGMGMGMGAGMGMATIDSGRVILAVPDISMVDFFREQFARLPVPYELVPALGAENTLQLVQQAQSLGGCDFVLMHPEFLRDRSPTGLLPRLKMGGQRAAAFGWAAIGPMRDLIEGSGVDGWLEGPSFGAGINQQALVALINRMQQAKKMGMMGGMGMGMGGGMGMGMGMGMGMAPSMNAGMTGGMGGASMGGAVMGMGMGMQPMQQAMPAMSPMMTQQPSMMSQPSAMSAGGAMQAMGGVMPSPAPGGRVGTNPLFGSAPSPLSSQPGISPGMATPPAATAAPAAGGSEAEMLQQLMSEINRLKNELGE | N2: 3UG9 | O2: RMLFQTSYTLENNGSVICIPNNGQCFCLAWLKSNGTNAEKLAANILQWITFALSALCLMFYCGWEEIYVATIEMIKFIIEYFHEFDEPAVIYSSNGNKTVWLRYAEWLLTCPVILIHLSNLTGLANDYNKRTMGLLVSDIGTIVWGTTAALSKGYVRVIFFLMGLCYGIYTFFNAAKVYIEAYHTVPKGRCRQVVTGMAWLFFVSWGMFPILFILGPEGFGVLSVYGSTVGHTIIDLMSKNCWGLLGHYLRVLIHEHILIHGDIRKTTKLIEVETLVEDE | P2: Q93WP2,Q8RUT8 | Q2: 280.0 | R2: RMLFQTSYTLENNGSVICIPNNGQCFCLAWLKSNGTNAEKLAANILQWITFALSALCLMFYCGWEEIYVATIEMIKFIIEYFHEFDEPAVIYSSNGNKTVWLRYAEWLLTCPVILIHLSNLTGLANDYNKRTMGLLVSDIGTIVWGTTAALSKGYVRVIFFLMGLCYGIYTFFNAAKVYIEAYHTVPKGRCRQVVTGMAWLFFVSWGMFPILFILGPEGFGVLSVYGSTVGHTIIDLMSKNCWGLLGHYLRVLIHEHILIHGDIRKTTKLIEVETLVEDE | U2: Chlamydomonas reinhardtii Channelrhodopsin-1 | V2: Chlamydomonas_reinhardtii_Channelrhodopsin_1 | W2: O5537c97da | X2: TRUE | Y2: CrChR1 | Z2: CrChR1 | AA2: Cation channel | AB2: Chlamydomonas_reinhardtii_Channelrhodopsin_1_Chlamydomonas reinhardtii
A3: 4 | B3: include | C3: FR | E3: Fulvimarina pelagi | F3: Bacteria | G3: inward chloride pump | H3: inward chloride pump | M3: MQDTELFADQLGNIENLVSLTVGQYTMGSLILMVSYGAHFAFVLYFLMTSLQLAPRYRIVPIMSAIVMVSAGLSLLREFNAWEQSYEFVEGMYQPLAENSTFTNAYRYGNWTITVPILLTQLPLAFGLLRPELHVRAARMCIPALLMIWTGLVGQFGETGNYLRLNVWGVISTIFFVWLIIEVRGVISRAIAMGPAELAAWPKNIWWFFLAFWGLYPIAYALPQLGHTGDIVVIRQLLYSIADVFSKLVYGIILSRYVLRRSALEGYKPAIEALSRTPVDLSMSKNGGAGYGDGDR | Q3: 296.0 | R3: MQDTELFADQLGNIENLVSLTVGQYTMGSLILMVSYGAHFAFVLYFLMTSLQLAPRYRIVPIMSAIVMVSAGLSLLREFNAWEQSYEFVEGMYQPLAENSTFTNAYRYGNWTITVPILLTQLPLAFGLLRPELHVRAARMCIPALLMIWTGLVGQFGETGNYLRLNVWGVISTIFFVWLIIEVRGVISRAIAMGPAELAAWPKNIWWFFLAFWGLYPIAYALPQLGHTGDIVVIRQLLYSIADVFSKLVYGIILSRYVLRRSALEGYKPAIEALSRTPVDLSMSKNGGAGYGDGDR | U3: Fulvimarina pelagi Chloride pump | V3: Fulvimarina_pelagi_Chloride_pump | W3: Of45b61cb1 | X3: FALSE | Y3: FR | Z3: FR | AA3: Chloride pump | AB3: Fulvimarina_pelagi_Chloride_pump_Fulvimarina pelagi
A4: 5 | B4: include | C4: GPR | E4: Marine proteobacteria (labeled 'Green') | F4: Bacteria | G4: outward proton pump | H4: outward proton pump | M4: MKLLLILGSVIALPTFAAGGGDLDASDYTGVSFWLVTAALLASTVFFFVERDRVSAKWKTSLTVSGLVTGIAFWHYMYMRGVWIETGDSPTVFRYIDWLLTVPLLICEFYLILAAATNVAGSLFKKLLVGSLVMLVFGYMGEAGIMAAWPAFIIGCLAWVYMIYELWAGEGKSACNTASPAVQSAYNTMMYIIIFGWAIYPVGYFTGYLMGDGGSALNLNLIYNLADFVNKILFGLIIWNVAVKESSNA | N4: 2L6X | O4: MGGGDLDASDYTGVSFWLVTAALLASTVFFFVERDRVSAKWKTSLTVSGLVTGIAFWHYMYMRGVWIETGDSPTVFRYIDWLLTVPLLICEFYLILAAATNVAGSLFKKLLVGSLVMLVFGYMGEAGIMAAWPAFIIGCLAWVYMIYELWAGEGKSACNTASPAVQSAYNTMMYIIIFGWAIYPVGYFTGYLMGDGGSALNLNLIYNLADFVNKILFGLIIWNVAVKESSNAPGG | P4: Q9F7P4 | Q4: 235.0 | R4: MGGGDLDASDYTGVSFWLVTAALLASTVFFFVERDRVSAKWKTSLTVSGLVTGIAFWHYMYMRGVWIETGDSPTVFRYIDWLLTVPLLICEFYLILAAATNVAGSLFKKLLVGSLVMLVFGYMGEAGIMAAWPAFIIGCLAWVYMIYELWAGEGKSACNTASPAVQSAYNTMMYIIIFGWAIYPVGYFTGYLMGDGGSALNLNLIYNLADFVNKILFGLIIWNVAVKESSNAPGG | U4: Green Proteorhodopsin | V4: Green_Proteorhodopsin | W4: O7b6459cd7 | X4: TRUE | Y4: GPR | Z4: GPR | AA4: Proton pump | AB4: Green_Proteorhodopsin_Marine proteobacteria (labeled 'Green')
A5: 6 | B5: include | C5: GtACR2 | E5: Guillardia theta | F5: Eukaryota | G5: anion channel | H5: non-selective anion channel | M5: MASQVVYGEWASTHTECYNMSRIDSTFVSLLQLVWAVVSGCQTIFMISRAPKVPWESVYLPFVESITYALASTGNGTLQMRDGRFFPWSRMASWLCTCPIMLGQISNMALVKYKSIPLNPIAQAASIIRVVMGITATISPAEYMKWLFFFFGATCLVFEYSVVFTIFQVGLYGFESVGTPLAQKVVVRIKMLRLIFFIAWTMFPIVWLISPTGVCVIHENVSAILYLLADGLCKNTYGVILWSTAWGVLEGKWDPACLPGQEKPEADDPFGLNHEKNAPPNDEVNIRMFGR | Q5: 291.0 | R5: MASQVVYGEWASTHTECYNMSRIDSTFVSLLQLVWAVVSGCQTIFMISRAPKVPWESVYLPFVESITYALASTGNGTLQMRDGRFFPWSRMASWLCTCPIMLGQISNMALVKYKSIPLNPIAQAASIIRVVMGITATISPAEYMKWLFFFFGATCLVFEYSVVFTIFQVGLYGFESVGTPLAQKVVVRIKMLRLIFFIAWTMFPIVWLISPTGVCVIHENVSAILYLLADGLCKNTYGVILWSTAWGVLEGKWDPACLPGQEKPEADDPFGLNHEKNAPPNDEVNIRMFGR | U5: Guillardia theta Anion Channelrhodopsin-2 | V5: Guillardia_theta_Anion_Channelrhodopsin_2 | W5: O9d96fda5e | X5: FALSE | Y5: GtACR2 | Z5: GtACR2 | AA5: Anion channel | AB5: Guillardia_theta_Anion_Channelrhodopsin_2_Guillardia theta
A6: 9 | B6: include | C6: HmHR | E6: Haloarcula marismortui | F6: Archaea | G6: inward chloride pump | H6: inward chloride pump | M6: MTAASTTATTVLQATQSDVLQEIQSNFLLNSSIWVNIALAGVVILLFVAMGRDLESPRAKLIWVATMLVPLVSISSYAGLASGLTVGFLQMPPGHALAGQEVLSPWGRYLTWTFSTPMILLALGLLADTDIASLFTAITMDIGMCVTGLAAALITSSHLLRWVFYGISCAFFVAVLYVLLVQWPADAEAAGTSEIFGTLKILTVVLWLGYPILWALGSEGVALLSVGVTSWGYSGLDILAKYVFAFLLLRWVAANEGTVSGSGMGIGSGGATPADD | Q6: 276.0 | R6: MTAASTTATTVLQATQSDVLQEIQSNFLLNSSIWVNIALAGVVILLFVAMGRDLESPRAKLIWVATMLVPLVSISSYAGLASGLTVGFLQMPPGHALAGQEVLSPWGRYLTWTFSTPMILLALGLLADTDIASLFTAITMDIGMCVTGLAAALITSSHLLRWVFYGISCAFFVAVLYVLLVQWPADAEAAGTSEIFGTLKILTVVLWLGYPILWALGSEGVALLSVGVTSWGYSGLDILAKYVFAFLLLRWVAANEGTVSGSGMGIGSGGATPADD | U6: Haloarcula marismortui Halorhodopsin | V6: Haloarcula_marismortui_Halorhodopsin | W6: O017a1ade5 | X6: FALSE | Y6: HmHR | Z6: HmHR | AA6: Chloride pump | AB6: Haloarcula_marismortui_Halorhodopsin_Haloarcula marismortui
A7: 10 | B7: include | C7: HmSRI | E7: Haloarcula marismortui | F7: Archaea | G7: regulation of transducer | H7: regulation of transducer | M7: MDAVSVVYGITAAGFAVGVAIVGFLYASLEGSDERPILAALALIPGVAGISYVAMVFGIGTVTIGETTLVGFRYLDWVVTTPLLVGFIGYTAGASRRAIFGVMAADALMILAGVGAVVAAGTLKWALFGVSAVFHISLFAYLYLIFPRSVPDDPQRIGLFSLLKNHVGLLWIAYPLVWLAGPEGLGFATYVGVSITYAFLDLLAKVPYVYFFYARRQVFATKLLRDSGDTTVTPAD | Q7: 236.0 | R7: MDAVSVVYGITAAGFAVGVAIVGFLYASLEGSDERPILAALALIPGVAGISYVAMVFGIGTVTIGETTLVGFRYLDWVVTTPLLVGFIGYTAGASRRAIFGVMAADALMILAGVGAVVAAGTLKWALFGVSAVFHISLFAYLYLIFPRSVPDDPQRIGLFSLLKNHVGLLWIAYPLVWLAGPEGLGFATYVGVSITYAFLDLLAKVPYVYFFYARRQVFATKLLRDSGDTTVTPAD | U7: Haloarcula marismortui Sensory Rhodopsin I | V7: Haloarcula_marismortui_Sensory_Rhodopsin_I | W7: O132494edf | X7: FALSE | Y7: HmSRI | Z7: HmSRI | AA7: Phototaxis | AB7: Haloarcula_marismortui_Sensory_Rhodopsin_I_Haloarcula marismortui
A8: 11 | B8: include | C8: HmSRII | E8: Haloarcula marismortui | F8: Archaea | G8: regulation of transducer | H8: regulation of transducer | M8: MATITTWFTLGLLGELLGTAVLAYGYTLVPEETRKRYLLLIAIPGIAIVAYALMALGFGSIQSEGHAVYVVRYVDWLLTTPLNVWFLALLAGASREDTVKLVVLQALTIVFGFAGAVTPSPVSYALFAVGGALFGGVIYLLYRNIAVAAKSTLSDIEVSLYRTLRNFVVVLWLVYPVVWLLGAAGVGLMDVETATLVVVYLDVVTKVGFGVIALLAMIDLGSAGETAEEPTAVAGD | Q8: 236.0 | R8: MATITTWFTLGLLGELLGTAVLAYGYTLVPEETRKRYLLLIAIPGIAIVAYALMALGFGSIQSEGHAVYVVRYVDWLLTTPLNVWFLALLAGASREDTVKLVVLQALTIVFGFAGAVTPSPVSYALFAVGGALFGGVIYLLYRNIAVAAKSTLSDIEVSLYRTLRNFVVVLWLVYPVVWLLGAAGVGLMDVETATLVVVYLDVVTKVGFGVIALLAMIDLGSAGETAEEPTAVAGD | U8: Haloarcula marismortui Sensory Rhodopsin II | V8: Haloarcula_marismortui_Sensory_Rhodopsin_II | W8: O91af35bb0 | X8: FALSE | Y8: HmSRII | Z8: HmSRII | AA8: Phototaxis | AB8: Haloarcula_marismortui_Sensory_Rhodopsin_II_Haloarcula marismortui
A9: 12 | B9: include | C9: HmSRIII | E9: Haloarcula marismortui | F9: Archaea | G9: regulation of transducer | H9: regulation of transducer | M9: MAQEIVWYGAGAGAFFVSAVVFVWFAATRGNIRSSFYYLPPIHTSVAGAAYVAMALIAGGQLGDTVSITTLRFADWIVSTPIITYYLARLAGVDTQTRRLAVAANVVMIGVGYGFVSMSGSLRWIAFAVSTVAFIGLLYLYIKTFARKINAATASVRSLFQSLRDLTVVTWSLYPVVYFLGPLGTGIIQAPDLNFLVAVLDTIAKVGFMSILLVRYNSVETFVDSWSVAPAK | Q9: 232.0 | R9: MAQEIVWYGAGAGAFFVSAVVFVWFAATRGNIRSSFYYLPPIHTSVAGAAYVAMALIAGGQLGDTVSITTLRFADWIVSTPIITYYLARLAGVDTQTRRLAVAANVVMIGVGYGFVSMSGSLRWIAFAVSTVAFIGLLYLYIKTFARKINAATASVRSLFQSLRDLTVVTWSLYPVVYFLGPLGTGIIQAPDLNFLVAVLDTIAKVGFMSILLVRYNSVETFVDSWSVAPAK | U9: Haloarcula marismortui Sensory Rhodopsin III | V9: Haloarcula_marismortui_Sensory_Rhodopsin_III | W9: O9aaaef0fd | X9: FALSE | Y9: HmSRIII | Z9: HmSRIII | AA9: Phototaxis | AB9: Haloarcula_marismortui_Sensory_Rhodopsin_III_Haloarcula marismortui
A10: 13 | B10: include | C10: HsSRI | E10: Halobacterium salinarum | F10: Archaea | G10: regulation of transducer | H10: regulation of transducer | M10: MDAVATAYLGGAVALIVGVAFVWLLYRSLDGSPHQSALAPLAIIPVFAGLSYVGMAYDIGTVIVNGNQIVGLRYIDWLVTTPILVGYVGYAAGASRRSIIGVMVADALMIAVGAGAVVTDGTLKWALFGVSSIFHLSLFAYLYVIFPRVVPDVPEQIGLFNLLKNHIGLLWLAYPLVWLFGPAGIGEATAAGVALTYVFLDVLAKVPYVYFFYARRRVFMHSESPPAPEQATVEATAAD | Q10: 239.0 | R10: MDAVATAYLGGAVALIVGVAFVWLLYRSLDGSPHQSALAPLAIIPVFAGLSYVGMAYDIGTVIVNGNQIVGLRYIDWLVTTPILVGYVGYAAGASRRSIIGVMVADALMIAVGAGAVVTDGTLKWALFGVSSIFHLSLFAYLYVIFPRVVPDVPEQIGLFNLLKNHIGLLWLAYPLVWLFGPAGIGEATAAGVALTYVFLDVLAKVPYVYFFYARRRVFMHSESPPAPEQATVEATAAD | U10: Halobacterium salinarum Sensory Rhodopsin I | V10: Halobacterium_salinarum_Sensory_Rhodopsin_I | W10: O67713bee1 | X10: FALSE | Y10: HsSRI | Z10: HsSRI | AA10: Phototaxis | AB10: Halobacterium_salinarum_Sensory_Rhodopsin_I_Halobacterium salinarum
A11: 15 | B11: include | C11: KR1 | E11: Krokinobacter eikastus | F11: Bacteria | G11: outward proton pump | H11: outward proton pump | M11: MKFLLLLLADPTKLDPSDYVGFTFFVGAMAMMAASAFFFLSLNQFNKKWRTSVLVSGLITFIAAVHYWYMRDYWFAIQESPTFFRYVDWVLTVPLMCVEFYLILKVAGAKPALMWKLILFSVIMLVTGYFGEAVFQDQAALWGAISGAAYFYIVYEIWLGSAKKLAVAAGGDILKAHKILCWFVLVGWAIYPLGYMLGTDGWYTSILGKGSVDVAYNIADAINKIGFGLVIYALAVKKNEVDVV | Q11: 244.0 | R11: MKFLLLLLADPTKLDPSDYVGFTFFVGAMAMMAASAFFFLSLNQFNKKWRTSVLVSGLITFIAAVHYWYMRDYWFAIQESPTFFRYVDWVLTVPLMCVEFYLILKVAGAKPALMWKLILFSVIMLVTGYFGEAVFQDQAALWGAISGAAYFYIVYEIWLGSAKKLAVAAGGDILKAHKILCWFVLVGWAIYPLGYMLGTDGWYTSILGKGSVDVAYNIADAINKIGFGLVIYALAVKKNEVDVV | U11: Krokinobacter Rhodopsin-1 | V11: Krokinobacter_Rhodopsin_1 | W11: O24730b7f1 | X11: FALSE | Y11: KR1 | Z11: KR1 | AA11: Proton pump | AB11: Krokinobacter_Rhodopsin_1_Krokinobacter
A12: 17 | B12: include | C12: NR | E12: Neurospora crassa | F12: Eukaryota | G12: outward proton pump | H12: outward proton pump | M12: MIHPEQVADMLRPTTSTTSSHVPGPVPTVVPTPTEYQTLGETGHRTLWVTFALMVLSSGIFALLSWNVPTSKRLFHVITTLITVVASLSYFAMATGHATTFNCDTAWDHHKHVPDTSHQVCRQVFWGRYVDWALTTPLLLLELCLLAGVDGAHTLMAIVADVIMVLCGLFAALGEGGNTAQKWGWYTIGCFSYLFVIWHVALHGSRTVTAKGRGVSRLFTGLAVFALLLWTAYPIIWGIAGGARRTNVDTEILIYTVLDLLAKPVFGFWLLLSHRAMPETNIDLPGYWSHGLATEGRIRIGEED | Q12: 304.0 | R12: MIHPEQVADMLRPTTSTTSSHVPGPVPTVVPTPTEYQTLGETGHRTLWVTFALMVLSSGIFALLSWNVPTSKRLFHVITTLITVVASLSYFAMATGHATTFNCDTAWDHHKHVPDTSHQVCRQVFWGRYVDWALTTPLLLLELCLLAGVDGAHTLMAIVADVIMVLCGLFAALGEGGNTAQKWGWYTIGCFSYLFVIWHVALHGSRTVTAKGRGVSRLFTGLAVFALLLWTAYPIIWGIAGGARRTNVDTEILIYTVLDLLAKPVFGFWLLLSHRAMPETNIDLPGYWSHGLATEGRIRIGEED | U12: Neurospora Rhodopsin | V12: Neurospora_Rhodopsin | W12: Oa33e502bd | X12: FALSE | Y12: NR | Z12: NR | AA12: Proton pump | AB12: Neurospora_Rhodopsin_Neurospora
A13: 18 | B13: include | C13: NdR1 | E13: Nonlabens dokdonensis | F13: Bacteria | G13: outward proton pump | H13: outward proton pump | M13: MNFLLSTLEVAKMATDDYVGFTFFIGSMAMMAASAFFFLSLSQFDNKWRTSVLVSGLITFIAAVHYFYMRDYYAATDSSPTFFRYVDWTLTVPLMCVEFYLILKVAGAKLGLMWKLIFWSVVMLVTGYFGEVIALGNPTMQWVWGLVSGIAYFIIVYMIWFGEAKKLATSAGGAVLKAHNILCWFVLVGWAIYPLGYILGTEGGLFGLQLVEDPKAAQEAMDVVYNIGDAINKIGFGLVIYSLAVTSSKKVEA | Q13: 253.0 | R13: MNFLLSTLEVAKMATDDYVGFTFFIGSMAMMAASAFFFLSLSQFDNKWRTSVLVSGLITFIAAVHYFYMRDYYAATDSSPTFFRYVDWTLTVPLMCVEFYLILKVAGAKLGLMWKLIFWSVVMLVTGYFGEVIALGNPTMQWVWGLVSGIAYFIIVYMIWFGEAKKLATSAGGAVLKAHNILCWFVLVGWAIYPLGYILGTEGGLFGLQLVEDPKAAQEAMDVVYNIGDAINKIGFGLVIYSLAVTSSKKVEA | U13: Nonlabens dokdonensis Rhodopsin-1 | V13: Nonlabens_dokdonensis_Rhodopsin_1 | W13: O0c174de93 | X13: FALSE | Y13: NdR1 | Z13: NdR1 | AA13: Proton pump | AB13: Nonlabens_dokdonensis_Rhodopsin_1_Nonlabens dokdonensis
A14: 19 | B14: include | C14: NdR2 | E14: Nonlabens dokdonensis | F14: Bacteria | G14: outward sodium pump | H14: outward sodium pump | L14: 10.1016/j.jphotobiol.2017.05.004 | M14: MIQDLGNSNFENYVGATDGFSEMAYQMTSHVLTLGYAVMFAGLLYFILTIKNVDKKYRMSNILSAVVMVSAALLLYAQAGNWTESFAFDAERGKYFLVEGGDLFNNGYRYLNWLIDVPMLLFQILFVVQLTKSKLSSVRNQFWFSGAMMIITGYIGQYYEVTDLSAFFIWGAISTVFFFHILWLMNKVIKEGKVGIPKKGQKILSNIWILFLVSWFLYPGAYLMPHLGGIEGFLFNESGVVGRQITYTIADVCSKVIYGVLLGNLALVLSKNKEMIETA | Q14: 279.0 | R14: MIQDLGNSNFENYVGATDGFSEMAYQMTSHVLTLGYAVMFAGLLYFILTIKNVDKKYRMSNILSAVVMVSAALLLYAQAGNWTESFAFDAERGKYFLVEGGDLFNNGYRYLNWLIDVPMLLFQILFVVQLTKSKLSSVRNQFWFSGAMMIITGYIGQYYEVTDLSAFFIWGAISTVFFFHILWLMNKVIKEGKVGIPKKGQKILSNIWILFLVSWFLYPGAYLMPHLGGIEGFLFNESGVVGRQITYTIADVCSKVIYGVLLGNLALVLSKNKEMIETA | U14: Nonlabens dokdonensis Rhodopsin-2 | V14: Nonlabens_dokdonensis_Rhodopsin_2 | W14: O82bd83f12 | X14: FALSE | Y14: NdR2 | Z14: NdR2 | AA14: Proton pump | AB14: Nonlabens_dokdonensis_Rhodopsin_2_Nonlabens dokdonensis
A15: 20 | B15: include | C15: NmNaR | D15: NmR2 | E15: Nonlabens marinus | F15: Bacteria | G15: outward sodium pump | H15: outward sodium pump | L15: 10.1073/pnas.1403051111 | M15: MQQLGNSNFENYIGASEGFSEMAYQMTSHVLTLGYAVMLAGLLYFILTIKKVDKRFQMSNILSAVVMVSAFLLLYAQAGNWTSSFTFDIELGRYFLDPDGDLFNNGYRYLNWLIDVPMLLFQILFVVTLTKSKLSSIRNQFWFSGTMMIITGYIGQFYEVSDITWFLIWGAISTVFFFHILYLMKKVINEGKEGISTKGQKILSNIWILFLISWFLYPGAYLMPYLGGIDGFLYNESGVVGRQITYTIADVCSKVIYGVLLGNLAMTLSTKNKNEHKPA | Q15: 279.0 | R15: MQQLGNSNFENYIGASEGFSEMAYQMTSHVLTLGYAVMLAGLLYFILTIKKVDKRFQMSNILSAVVMVSAFLLLYAQAGNWTSSFTFDIELGRYFLDPDGDLFNNGYRYLNWLIDVPMLLFQILFVVTLTKSKLSSIRNQFWFSGTMMIITGYIGQFYEVSDITWFLIWGAISTVFFFHILYLMKKVINEGKEGISTKGQKILSNIWILFLISWFLYPGAYLMPYLGGIDGFLYNESGVVGRQITYTIADVCSKVIYGVLLGNLAMTLSTKNKNEHKPA | U15: Nonlabens marinus Sodium Rhodopsin | V15: Nonlabens_marinus_Sodium_Rhodopsin | W15: Oee869d2c8 | X15: FALSE | Y15: NmNaR | Z15: NmNaR | AA15: Sodium pump | AB15: Nonlabens_marinus_Sodium_Rhodopsin_Nonlabens marinus
A16: 21 | B16: include | C16: NmPR | D16: NmR1 | E16: Nonlabens marinus | F16: Bacteria | G16: outward proton pump | H16: outward proton pump | L16: 10.1073/pnas.1403051111 | M16: MKFLLLLLADPTKLDPSDYVGFTFFVGAMAMMAASAFFFLSLNQFNKKWRTSVLVSGLITFIAAVHYWYMRDYWFAIQESPTFFRYVDWVLTVPLMCVEFYLILKVAGAKPALMWKLILFSVIMLVTGYFGEAVFQDQAALWGAISGAAYFYIVYEIWLGSAKKLAVAAGGDILKAHKILCWFVLVGWAIYPLGYMLGTDGWYTSILGKGSVDVAYNIADAINKIGFGLVIYALAVKKNEVDVV | Q16: 244.0 | R16: MKFLLLLLADPTKLDPSDYVGFTFFVGAMAMMAASAFFFLSLNQFNKKWRTSVLVSGLITFIAAVHYWYMRDYWFAIQESPTFFRYVDWVLTVPLMCVEFYLILKVAGAKPALMWKLILFSVIMLVTGYFGEAVFQDQAALWGAISGAAYFYIVYEIWLGSAKKLAVAAGGDILKAHKILCWFVLVGWAIYPLGYMLGTDGWYTSILGKGSVDVAYNIADAINKIGFGLVIYALAVKKNEVDVV | U16: Nonlabens marinus Proteorhodopsin | V16: Nonlabens_marinus_Proteorhodopsin | W16: O9f21d8ceb | X16: FALSE | Y16: NmPR | Z16: NmPR | AA16: Proton pump | AB16: Nonlabens_marinus_Proteorhodopsin_Nonlabens marinus
A17: 25 | B17: include | C17: SrSRI | E17: Salinibacter ruber | F17: Bacteria | G17: regulation of transducer | H17: regulation of transducer | M17: MDPITIVYIIGTLGMLVGIPPALSLVGDEVGLDFDYLWAIPGIAALMYLLMTFDVGSVQFQGYHVPIPRYIDWALTTPLLVGYTAYIAGASRGMIAGTALADFMMIVFGLGAVVFSSTAQWVFFGLSSACHLTLLAFLYGPVRNSAFGEPPSHRRLARLLLNYVGLLWLAYPMVWLFGPGLQWVDAAGIAVIISYLDVTAKVPFIYFIYRARKNFVKVTGGEPETASGQGGAATVTSAA | Q17: 239.0 | R17: MDPITIVYIIGTLGMLVGIPPALSLVGDEVGLDFDYLWAIPGIAALMYLLMTFDVGSVQFQGYHVPIPRYIDWALTTPLLVGYTAYIAGASRGMIAGTALADFMMIVFGLGAVVFSSTAQWVFFGLSSACHLTLLAFLYGPVRNSAFGEPPSHRRLARLLLNYVGLLWLAYPMVWLFGPGLQWVDAAGIAVIISYLDVTAKVPFIYFIYRARKNFVKVTGGEPETASGQGGAATVTSAA | U17: Salinibacter ruber Sensory Rhodopsin I | V17: Salinibacter_ruber_Sensory_Rhodopsin_I | W17: O6bfd815f6 | X17: FALSE | Y17: SrSRI | Z17: SrSRI | AA17: Phototaxis | AB17: Salinibacter_ruber_Sensory_Rhodopsin_I_Salinibacter ruber
A18: 26 | B18: include | C18: VcChR1 | D18: VChR2 | E18: Volvox carteri | F18: Eukaryota | G18: cation channel | H18: non-selective cation channel | M18: MDYPVARSLIVRYPTDLGNGTVCMPRGQCYCEGWLRSRGTSIEKTIAITLQWVVFALSVACLGWYAYQAWRATCGWEEVYVALIEMMKSIIEAFHEFDSPATLWLSSGNGVVWMRYGEWLLTCPVLLIHLSNLTGLKDDYSKRTMGLLVSDVGCIVWGATSAMCTGWTKILFFLISLSYGMYTYFHAAKVYIEAFHTVPKGICRELVRVMAWTFFVAWGMFPVLFLLGTEGFGHISPYGSAIGHSILDLIAKNMWGVLGNYLRVKIHEHILLYGDIRKKQKITIAGQEMEVETLVAEEEDDTVKQSTAKYASRDSFITMRNRMREKGLEVRASLDAGGGDSGMEAGGGGAAHAQPHMAKPGTELGKTMSASFTNGAATSLEPGRVILAVPDISMVDFFREQFAQLPVPYEVVPALGAENTVQLVQQAAMLGGCDFVLMHPEFLRDRGPTGLLPQVKMMGQRTAAFGWSQMGPMRDLIESSGVGAWLEGPSFGSGISQAALQQLVVKMQQAKRMAAMGSMMGGGMGNGMGMGMGMGMGMGMGNGMGNGMGMGNGMGNGMGMGNGMGNGMGMGNGMGMGNGMGMGNGMGMGNGMGNGMGNGMGMGNGMGNGMGNGMGNGMGNGMGNGMGMGNGMGMGNGMGNGMGNGMGNGMGNGMGMMTPGAMGMGMGGMGNLAAAAGNAMYGGGGGGGGSTMGSGNAAMMTGLVMGGGNGVGAGPGGVVANLGSSALQPQSQMMGGGNVVGMSSPQLQLQQSSSMPLGGLAPNRIGNNPLFGAAPSPLHSQPGASPTGLSSPQLGMGAMLPAGTSVGAGGGSVGPTETDMLQQLMTEINRLKDELGE | Q18: 837.0 | R18: MDYPVARSLIVRYPTDLGNGTVCMPRGQCYCEGWLRSRGTSIEKTIAITLQWVVFALSVACLGWYAYQAWRATCGWEEVYVALIEMMKSIIEAFHEFDSPATLWLSSGNGVVWMRYGEWLLTCPVLLIHLSNLTGLKDDYSKRTMGLLVSDVGCIVWGATSAMCTGWTKILFFLISLSYGMYTYFHAAKVYIEAFHTVPKGICRELVRVMAWTFFVAWGMFPVLFLLGTEGFGHISPYGSAIGHSILDLIAKNMWGVLGNYLRVKIHEHILLYGDIRKKQKITIAGQEMEVETLVAEEEDDTVKQSTAKYASRDSFITMRNRMREKGLEVRASLDAGGGDSGMEAGGGGAAHAQPHMAKPGTELGKTMSASFTNGAATSLEPGRVILAVPDISMVDFFREQFAQLPVPYEVVPALGAENTVQLVQQAAMLGGCDFVLMHPEFLRDRGPTGLLPQVKMMGQRTAAFGWSQMGPMRDLIESSGVGAWLEGPSFGSGISQAALQQLVVKMQQAKRMAAMGSMMGGGMGNGMGMGMGMGMGMGMGNGMGNGMGMGNGMGNGMGMGNGMGNGMGMGNGMGMGNGMGMGNGMGMGNGMGNGMGNGMGMGNGMGNGMGNGMGNGMGNGMGNGMGMGNGMGMGNGMGNGMGNGMGNGMGNGMGMMTPGAMGMGMGGMGNLAAAAGNAMYGGGGGGGGSTMGSGNAAMMTGLVMGGGNGVGAGPGGVVANLGSSALQPQSQMMGGGNVVGMSSPQLQLQQSSSMPLGGLAPNRIGNNPLFGAAPSPLHSQPGASPTGLSSPQLGMGAMLPAGTSVGAGGGSVGPTETDMLQQLMTEINRLKDELGE | S18: 330.0 | T18: 30.0 | U18: Volvox carteri Channelrhodopsin-1 | V18: Volvox_carteri_Channelrhodopsin_1 | W18: Od1cf04ce5 | X18: FALSE | Y18: VcChR1 | Z18: VcChR1 | AA18: Cation channel | AB18: Volvox_carteri_Channelrhodopsin_1_Volvox carteri
A19: 27 | B19: include | C19: VcChR2 | D19: VChR1 | E19: Volvox carteri | F19: Eukaryota | G19: cation channel | H19: non-selective cation channel | M19: MDHPVARSLIGSSYTNLNNGSIVIPSDACFCMKWLKSKGSPVALKMANALQWAAFALSVIILIYYAYATWRTTCGWEEVYVCCVELTKVVIEFFHEFDEPGMLYLANGNRVLWLRYGEWLLTCPVILIHLSNLTGLKDDYNKRTMRLLVSDVGTIVWGATAAMSTGYIKVIFFLLGCMYGANTFFHAAKVYIESYHTVPKGLCRQLVRAMAWLFFVSWGMFPVLFLLGPEGFGHLSVYGSTIGHTIIDLLSKNCWGLLGHFLRLKIHEHILLYGDIRKVQKIRVAGEELEVETLMTEEAPDTVKKSTAQYANRESFLTMRDKLKEKGFEVRASLDNSGIDAVINHNNNYNNALANAAAAVGKPGMELSKLDHVAANAAGMGGIADHVATTSGAISPGRVILAVPDISMVDYFREQFAQLPVQYEVVPALGADNAVQLVVQAAGLGGCDFVLLHPEFLRDKSSTSLPARLRSIGQRVAAFGWSPVGPVRDLIESAGLDGWLEGPSFGLGISLPNLASLVLRMQHARKMAAMLGGMGGMLGSNLMSGSGGVGLMGAGSPGGGGGAMGVGMTGMGMVGTNAMGRGAVGNSVANASMGGGSAGMGMGMMGMVGAGVGGQQQMGANGMGPTSFQLGSNPLYNTAPSPLSSQPGGDASAAAAAAAAAAATGAASNSMNAMQAGGSVRNSGILAGGLGSMMGPPGAPAAPTAAATAAPAVTMGAPGGGGAAASEAEMLQQLMAEINRLKSELGE | Q19: 747.0 | R19: MDHPVARSLIGSSYTNLNNGSIVIPSDACFCMKWLKSKGSPVALKMANALQWAAFALSVIILIYYAYATWRTTCGWEEVYVCCVELTKVVIEFFHEFDEPGMLYLANGNRVLWLRYGEWLLTCPVILIHLSNLTGLKDDYNKRTMRLLVSDVGTIVWGATAAMSTGYIKVIFFLLGCMYGANTFFHAAKVYIESYHTVPKGLCRQLVRAMAWLFFVSWGMFPVLFLLGPEGFGHLSVYGSTIGHTIIDLLSKNCWGLLGHFLRLKIHEHILLYGDIRKVQKIRVAGEELEVETLMTEEAPDTVKKSTAQYANRESFLTMRDKLKEKGFEVRASLDNSGIDAVINHNNNYNNALANAAAAVGKPGMELSKLDHVAANAAGMGGIADHVATTSGAISPGRVILAVPDISMVDYFREQFAQLPVQYEVVPALGADNAVQLVVQAAGLGGCDFVLLHPEFLRDKSSTSLPARLRSIGQRVAAFGWSPVGPVRDLIESAGLDGWLEGPSFGLGISLPNLASLVLRMQHARKMAAMLGGMGGMLGSNLMSGSGGVGLMGAGSPGGGGGAMGVGMTGMGMVGTNAMGRGAVGNSVANASMGGGSAGMGMGMMGMVGAGVGGQQQMGANGMGPTSFQLGSNPLYNTAPSPLSSQPGGDASAAAAAAAAAAATGAASNSMNAMQAGGSVRNSGILAGGLGSMMGPPGAPAAPTAAATAAPAVTMGAPGGGGAAASEAEMLQQLMAEINRLKSELGE | S19: 330.0 | T19: 30.0 | U19: Volvox carteri Channelrhodopsin-2 | V19: Volvox_carteri_Channelrhodopsin_2 | W19: O2a0ab9171 | X19: FALSE | Y19: VcChR2 | Z19: VcChR2 | AA19: Cation channel | AB19: Volvox_carteri_Channelrhodopsin_2_Volvox carteri
A20: 28 | B20: include | C20: ZipACR | E20: Zachrysium infestans | F20: Eukaryota | G20: anion channel | H20: non-selective anion channel | M20: MAALHQALEELGQGASRHLLYRAPEEMVYGKWVEANPRCIELHDHSDYVYVFQLCFAVVCACQVIFMFTRAPNVGWEAIYLPLAEVVTYSIAANGEGVLRMADGRYFNFAKLAGWAVCCPIMLIQIGGMAQIKYRTIPLNNVVLAASLNRIIFGMASAITASDPARWGFYFCAWICYLTEVGITLTIMAVAISDFSKIKTELGQWVVGRIQTMRIIFLVAWTSFPVVWVLGYTGFCVIHEDYIALLYLFADLLSKNTWGVMMWHTTWVKLNGKWDREFAAAGGHEALKKALEQDVEIGAGEKNQNQLTARQ | Q20: 311.0 | R20: MAALHQALEELGQGASRHLLYRAPEEMVYGKWVEANPRCIELHDHSDYVYVFQLCFAVVCACQVIFMFTRAPNVGWEAIYLPLAEVVTYSIAANGEGVLRMADGRYFNFAKLAGWAVCCPIMLIQIGGMAQIKYRTIPLNNVVLAASLNRIIFGMASAITASDPARWGFYFCAWICYLTEVGITLTIMAVAISDFSKIKTELGQWVVGRIQTMRIIFLVAWTSFPVVWVLGYTGFCVIHEDYIALLYLFADLLSKNTWGVMMWHTTWVKLNGKWDREFAAAGGHEALKKALEQDVEIGAGEKNQNQLTARQ | U20: Zachrysium infestans Anion Channelrhodopsin | V20: Zachrysium_infestans_Anion_Channelrhodopsin | W20: O6e2b9cfeb | X20: FALSE | Y20: ZipACR | Z20: ZipACR | AA20: Anion channel | AB20: Zachrysium_infestans_Anion_Channelrhodopsin_Zachrysium infestans
A21: 29 | B21: include | C21: NeoR | E21: Rhizoclosmatium globosum | F21: Eukaryota | G21: regulation of guanylyl cyclase | H21: regulation of guanylyl cyclase | M21: MSALTKARDALANTSAKDPYHEAKPMGFVWLNFGMWLAAVGYTIHQRLFGGYHTKAVDRGNSDFIYKGTTFVFIVAVCFTYLGYIGTKSAAKKSMTFVLMMTCGVVATSWFLLYLRAGITLLDGAGHPVDIIRHLEWAHDEANLAYFLGLLTSADQWTIGRTILESHGLLLFGFLASIARHPYDELFATISMCIYLACLQDIISMFQKAIDGEVDNKVDTWTLRRCRDITIFAWSYITLAWYLVRHGFWSFETGELHIALGEFCAKVVLMLIFVNNSVEEAQINTVSQMETLTSSLDEQMAASDKLLEKLIPAGVLDQLKSGKATGAEEYSCVTVFFSDIANFTPLSQRTSTKDMLASLNNMWIEYDKISKKWGMYKVETIGDAFLGVVGAPDRVPDHAERAAEFSIDIIDMIKDFRLVTGEPIQIRAGLNSGPVTAGILGESNPHWCIVGDTVTIASKMEATSKHMKIHIAESTFNLIKSSGKFRTSDSEPVTIKGNVINTFFIEGRA | Q21: 509.0 | R21: MSALTKARDALANTSAKDPYHEAKPMGFVWLNFGMWLAAVGYTIHQRLFGGYHTKAVDRGNSDFIYKGTTFVFIVAVCFTYLGYIGTKSAAKKSMTFVLMMTCGVVATSWFLLYLRAGITLLDGAGHPVDIIRHLEWAHDEANLAYFLGLLTSADQWTIGRTILESHGLLLFGFLASIARHPYDELFATISMCIYLACLQDIISMFQKAIDGEVDNKVDTWTLRRCRDITIFAWSYITLAWYLVRHGFWSFETGELHIALGEFCAKVVLMLIFVNNSVEEAQINTVSQMETLTSSLDEQMAASDKLLEKLIPAGVLDQLKSGKATGAEEYSCVTVFFSDIANFTPLSQRTSTKDMLASLNNMWIEYDKISKKWGMYKVETIGDAFLGVVGAPDRVPDHAERAAEFSIDIIDMIKDFRLVTGEPIQIRAGLNSGPVTAGILGESNPHWCIVGDTVTIASKMEATSKHMKIHIAESTFNLIKSSGKFRTSDSEPVTIKGNVINTFFIEGRA | S21: 287.0 | T21: 12.0 | U21: Neorhodopsin | V21: Neorhodopsin | W21: O46c416e81 | X21: FALSE | Y21: NeoR | Z21: NeoR | AA21: Cyclase | AB21: Neorhodopsin_Rhizoclosmatium globosum
A22: 30 | B22: include | C22: HsBR | D22: bacteriorhodopsin | E22: Halobacterium salinarum | F22: Archaea | G22: outward proton pump | H22: outward proton pump | I22: 1C3W | J22: X-ray | K22: 45809 | L22: Luecke et al., JMB, 1999 | N22: 1C3W | O22: TGRPEWIWLALGTALMGLGTLYFLVKGMGVSDPDAKKFYAITTLVPAIAFTMYLSMLLGYGLTMVPFGGEQNPIYWARYADWLFTTPLLLLDLALLVDADQGTILALVGADGIMIGTGLVGALTKVYSYRFVWWAISTAAMLYILYVLFFGFSMRPEVASTFKVLRNVTVVLWSAYPVVWLIGSEGAGIVPLNIETLLFMVLDVSAKVGFGLILLRSRAIFG | P22: P02945 | Q22: 222.0 | R22: TGRPEWIWLALGTALMGLGTLYFLVKGMGVSDPDAKKFYAITTLVPAIAFTMYLSMLLGYGLTMVPFGGEQNPIYWARYADWLFTTPLLLLDLALLVDADQGTILALVGADGIMIGTGLVGALTKVYSYRFVWWAISTAAMLYILYVLFFGFSMRPEVASTFKVLRNVTVVLWSAYPVVWLIGSEGAGIVPLNIETLLFMVLDVSAKVGFGLILLRSRAIFG | U22: HsBR | V22: HsBR | W22: O21386786a | X22: TRUE | Y22: HsBR | Z22: HsBR | AA22: Proton pump | AB22: HsBR_Halobacterium salinarum
A23: 31 | B23: include | C23: archaerhodopsin-1 | D23: AR1 | E23: Halorubrum ezzemoulense | F23: Archaea | G23: outward proton pump | H23: outward proton pump | I23: 1UAZ | J23: X-ray | K23: 45750 | L23: Enami et al., J Photosci., 2003 | N23: 1UAZ | O23: TAAVGADLLGDGRPETLWLGIGTLLMLIGTFYFIVKGWGVTDKEAREYYSITILVPGIASAAYLSMFFGIGLTEVQVGSEMLDIYYARYADWLFTTPLLLLDLALLAKVDRVSIGTLVGVDALMIVTGLVGALSHTPLARYTWWLFSTICMIVVLYFLATSLRAAAKERGPEVASTFNTLTALVLVLWTAYPILWIIGTEGAGVVGLGIETLLFMVLDVTAKVGFGFILLRSRAIL | P23: P69051 | Q23: 236.0 | R23: TAAVGADLLGDGRPETLWLGIGTLLMLIGTFYFIVKGWGVTDKEAREYYSITILVPGIASAAYLSMFFGIGLTEVQVGSEMLDIYYARYADWLFTTPLLLLDLALLAKVDRVSIGTLVGVDALMIVTGLVGALSHTPLARYTWWLFSTICMIVVLYFLATSLRAAAKERGPEVASTFNTLTALVLVLWTAYPILWIIGTEGAGVVGLGIETLLFMVLDVTAKVGFGFILLRSRAIL | U23: archaerhodopsin-1 | V23: archaerhodopsin_1 | W23: Oba4f6277e | X23: TRUE | Y23: AR1 | Z23: AR1 | AA23: Proton pump | AB23: archaerhodopsin_1_Halorubrum ezzemoulense
A24: 32 | B24: include | C24: archaerhodopsin-2 | D24: AR2 | E24: Halobacterium sp. AUS-2 | F24: Archaea | G24: outward proton pump | H24: outward proton pump | I24: 1VGO | J24: X-ray | K24: 45779 | L24: Enami et al., JMB., 2006 | N24: 1VGO | O24: DLLNDGRPETLWLGIGTLLMLIGTFYFIARGWGVTDKEAREYYAITILVPGIASAAYLAMFFGIGVTEVELASGTVLDIYYARYADWLFTTPLLLLDLALLAKVDRVTIGTLIGVDALMIVTGLIGALSKTPLARYTWWLFSTIAFLFVLYYLLTSLRSAAAKRSEEVRSTFNTLTALVAVLWTAYPILWIVGTEGAGVVGLGIETLAFMVLDVTAKVGFGFVLLRSRAILGETE | P24: P29563 | Q24: 235.0 | R24: DLLNDGRPETLWLGIGTLLMLIGTFYFIARGWGVTDKEAREYYAITILVPGIASAAYLAMFFGIGVTEVELASGTVLDIYYARYADWLFTTPLLLLDLALLAKVDRVTIGTLIGVDALMIVTGLIGALSKTPLARYTWWLFSTIAFLFVLYYLLTSLRSAAAKRSEEVRSTFNTLTALVAVLWTAYPILWIVGTEGAGVVGLGIETLAFMVLDVTAKVGFGFVLLRSRAILGETE | U24: archaerhodopsin-2 | V24: archaerhodopsin_2 | W24: O19e22f4f9 | X24: TRUE | Y24: AR2 | Z24: AR2 | AA24: Proton pump | AB24: archaerhodopsin_2_Halobacterium sp. AUS-2
A25: 33 | B25: include | C25: archaerhodopsin-3 | D25: Arch, AR3 | E25: Halorubrum sodomense | F25: Archaea | G25: outward proton pump | H25: outward proton pump | I25: 6GUX | J25: X-ray | K25: 45717 | L25: Bada Juarez et al., Nat Commun., 2021 | N25: 6GUX | O25: AGYDLLGDGRPETLWLGIGTLLMLIGTFYFLVRGWGVTDKDAREYYAVTILVPGIASAAYLSMFFGIGLTEVTVGGEMLDIYYARYADWLFTTPLLLLDLALLAKVDRVTIGTLVGVDALMIVTGLIGALSHTAIARYSWWLFSTICMIVVLYFLATSLRSAAKERGPEVASTFNTLTALVLVLWTAYPILWIIGTEGAGVVGLGIETLLFMVLDVTAKVGFGFILLRSRAILGDTEAPE | P25: P96787 | Q25: 240.0 | R25: AGYDLLGDGRPETLWLGIGTLLMLIGTFYFLVRGWGVTDKDAREYYAVTILVPGIASAAYLSMFFGIGLTEVTVGGEMLDIYYARYADWLFTTPLLLLDLALLAKVDRVTIGTLVGVDALMIVTGLIGALSHTAIARYSWWLFSTICMIVVLYFLATSLRSAAKERGPEVASTFNTLTALVLVLWTAYPILWIIGTEGAGVVGLGIETLLFMVLDVTAKVGFGFILLRSRAILGDTEAPE | U25: archaerhodopsin-3 | V25: archaerhodopsin_3 | W25: Of0c145803 | X25: TRUE | Y25: Arch, AR3 | Z25: AR3 | AA25: Proton pump | AB25: archaerhodopsin_3_Halorubrum sodomense
A26: 34 | B26: include | C26: deltarhodopsin-3 | D26: dR3 | E26: Natrinema thermotolerans | F26: Archaea | G26: outward proton pump | H26: outward proton pump | I26: 4FBZ | J26: X-ray | K26: 45840 | L26: Zhang et al., Proteins, 2013 | N26: 4FBZ | O26: MAATVGPESIWLWIGTIGMTLGTLYFVGRGRGVRDRKMQEFYIITTFITTIAAAMYFAMATGFGVTEVVVGDEALTIYWARYADWLFTTPLLLLDLGLLAGANRNTIATLIGLDVFMIGTGMIAAFAATPGTRIAWWGISTGALLALLYVLVGTLSKDARGQSPEVASLFGRLRNLVIVLWLLYPVVWILGTEGTFGILPLYWETAAFMVLDLSAKVGFGVVLLRSRSVLRRVVTPTA | P26: I4DST7 | Q26: 238.0 | R26: MAATVGPESIWLWIGTIGMTLGTLYFVGRGRGVRDRKMQEFYIITTFITTIAAAMYFAMATGFGVTEVVVGDEALTIYWARYADWLFTTPLLLLDLGLLAGANRNTIATLIGLDVFMIGTGMIAAFAATPGTRIAWWGISTGALLALLYVLVGTLSKDARGQSPEVASLFGRLRNLVIVLWLLYPVVWILGTEGTFGILPLYWETAAFMVLDLSAKVGFGVVLLRSRSVLRRVVTPTA | U26: deltarhodopsin-3 | V26: deltarhodopsin_3 | W26: Oa63776b5e | X26: TRUE | Y26: dR3 | Z26: dR3 | AA26: Proton pump | AB26: deltarhodopsin_3_Natrinema thermotolerans
A27: 35 | B27: include | C27: cruxrhodopsin-3 | D27: cR3, Cop3 | E27: Haloarcula vallismortis | F27: Archaea | G27: outward proton pump | H27: outward proton pump | I27: 4JR8 | J27: X-ray | K27: 45718 | L27: Chan et al., PLOS ONE, 2014 | N27: 4JR8 | O27: PEGEAIWLWLGTAGMFLGMLYFIARGWGETDSRRQKFYIATILITAIAFVNYLAMALGFGLTIVEIAGEQRPIYWARYSDWLFTTPLLLYDLGLLAGADRNTISSLVSLDVLMIGTGLVATLSAGSGVLSAGAERLVWWGISTAFLLVLLYFLFSSLSGRVADLPSDTRSTFKTLRNLVTVVWLVYPVWWLVGTEGIGLVGIGIETAGFMVIDLVAKVGFGIILLRSHGVLDGA | P27: P94854 | Q27: 234.0 | R27: PEGEAIWLWLGTAGMFLGMLYFIARGWGETDSRRQKFYIATILITAIAFVNYLAMALGFGLTIVEIAGEQRPIYWARYSDWLFTTPLLLYDLGLLAGADRNTISSLVSLDVLMIGTGLVATLSAGSGVLSAGAERLVWWGISTAFLLVLLYFLFSSLSGRVADLPSDTRSTFKTLRNLVTVVWLVYPVWWLVGTEGIGLVGIGIETAGFMVIDLVAKVGFGIILLRSHGVLDGA | U27: cruxrhodopsin-3 | V27: cruxrhodopsin_3 | W27: O46bf847f3 | X27: TRUE | Y27: cR3, Cop3 | Z27: cR3 | AA27: Proton pump | AB27: cruxrhodopsin_3_Haloarcula vallismortis
A28: 36 | B28: include | C28: HmBRI-D94N | D28: Haloarcula marismortui bacteriorhodopsin I D94N | E28: Haloarcula marismortui ATCC 43049 | F28: Archaea | G28: outward proton pump | H28: outward proton pump | I28: 4PXK | J28: X-ray | K28: 45779 | L28: Shevchenko et al., PLOS ONE, 2014 | N28: 4PXK | O28: APGSEGIWLWLGTAGMFLGMLYFIARGWGETDGRRQKFYIATILITAIAFVNYLAMALGFGLTFIEFGGEQHPIYWARYTDWLFTTPLLLYNLGLLAGADRNTIYSLVSLDVLMIGTGVVATLSAGSGVLSAGAERLVWWGISTAFLLVLLYFLFSSLSGRVANLPSDTRSTFKTLRNLVTVVWLVYPVWWLVGSEGLGLVGIGIETAGFMVIDLVAKVGFGIILLRSHGVLDGAA | P28: Q5UXY6 | Q28: 236.0 | R28: APGSEGIWLWLGTAGMFLGMLYFIARGWGETDGRRQKFYIATILITAIAFVNYLAMALGFGLTFIEFGGEQHPIYWARYTDWLFTTPLLLYNLGLLAGADRNTIYSLVSLDVLMIGTGVVATLSAGSGVLSAGAERLVWWGISTAFLLVLLYFLFSSLSGRVANLPSDTRSTFKTLRNLVTVVWLVYPVWWLVGSEGLGLVGIGIETAGFMVIDLVAKVGFGIILLRSHGVLDGAA | U28: HmBRI-D94N | V28: HmBRI_D94N | W28: O71a387ec0 | X28: TRUE | Y28: HmBRI | Z28: HmBRI-D94N | AA28: Proton pump | AB28: HmBRI_D94N_Haloarcula marismortui ATCC 43049
A29: 37 | B29: include | C29: HwBR | E29: Haloquadratum walsbyi DSM 16790 | F29: Archaea | G29: outward proton pump | H29: outward proton pump | I29: 5KKH | J29: X-ray | K29: 45659 | L29: Broecker et al., Cryst Growth Des, 2016 | N29: 5KHH | O29: SSRRQYQEKYKQVEQYMSFHKLPADFRQKIHDYYEHRYQGKMFDEDSILGELNGPLREEIVNFNRKLVASMPLFANADPNFVTAMLTKLKFEVFQPGDYIIREGTIGKKMYFIQHGVVSVLTKGNKEMKLSDGSYFGEICLLTRGRRTASVRADTYCRLYSLSVDNFNEVLEEYPMMRRAFETVAIDRLDRIGK | P29: O88703 | Q29: 194.0 | R29: SSRRQYQEKYKQVEQYMSFHKLPADFRQKIHDYYEHRYQGKMFDEDSILGELNGPLREEIVNFNRKLVASMPLFANADPNFVTAMLTKLKFEVFQPGDYIIREGTIGKKMYFIQHGVVSVLTKGNKEMKLSDGSYFGEICLLTRGRRTASVRADTYCRLYSLSVDNFNEVLEEYPMMRRAFETVAIDRLDRIGK | U29: HwBR | V29: HwBR | W29: O55bb59799 | X29: TRUE | Y29: HwBR | Z29: HwBR | AA29: Proton pump | AB29: HwBR_Haloquadratum walsbyi DSM 16790
A30: 38 | B30: include | C30: GR | D30: Gloeobacter rhodopsin | E30: Gloeobacter violaceus PCC 7421 | F30: Bacteria | G30: outward proton pump | H30: outward proton pump | I30: 6NWD | J30: X-ray | K30: 2.0 | L30: Morizumi et al., Sci. Rep., 2019 | N30: 6NWD | O30: DSLTYGQFNLVYNAFSFAIAAMFASALFFFSAQALVGQRYRLALLVSAIVVSIAGYHYFRIFNSWDAAYVLENGVYSLTSEKFNDAYRYVDWLLTVPLLLVETVAVLTLPAKEARPLLIKLTVASVLMIATGYPGEISDDITTRIIWGTVSTIPFAYILYVLWVELSRSLVRQPAAVQTLVRNMRWLLLLSWGVYPIAYLLPMLGVSGTSAAVGVQVGYTIADVLAKPVFGLLVFAIALVKTKADQ | P30: Q7NP59 | Q30: 246.0 | R30: DSLTYGQFNLVYNAFSFAIAAMFASALFFFSAQALVGQRYRLALLVSAIVVSIAGYHYFRIFNSWDAAYVLENGVYSLTSEKFNDAYRYVDWLLTVPLLLVETVAVLTLPAKEARPLLIKLTVASVLMIATGYPGEISDDITTRIIWGTVSTIPFAYILYVLWVELSRSLVRQPAAVQTLVRNMRWLLLLSWGVYPIAYLLPMLGVSGTSAAVGVQVGYTIADVLAKPVFGLLVFAIALVKTKADQ | U30: GR | V30: GR | W30: Of214a7d42 | X30: TRUE | Y30: GR | Z30: GR | AA30: Proton pump | AB30: GR_Gloeobacter violaceus PCC 7421
A31: 39 | B31: include | C31: TR | D31: thermophilic rhodopsin | E31: Thermus thermophilus JL-18 | F31: Bacteria | G31: outward proton pump | H31: outward proton pump | I31: 5AZD | J31: X-ray | K31: 45810 | L31: Tsukamoto et al., JBC, 2016 | N31: 5AZD | O31: MLPELSFGEYWLVFNMLSLTIAGMLAAFVFFLLARSYVAPRYHIALYLSALIVFIAGYHYLRIFESWVGAYQLQDGVYVPTGKPFNDFYRYADWLLTVPLLLLELILVLGLTAARTWNLSIKLVVASVLMLALGYVGEVNTEPGPRTLWGALSSIPFFYILYVLWVELGQAIREAKFGPRVLELLGATRLVLLMSWGFYPIAYALGTWLPGGAAQEVAIQIGYSLADLIAPIYGLLVFAIARAKSLEEGF | P31: H9ZSC3 | Q31: 250.0 | R31: MLPELSFGEYWLVFNMLSLTIAGMLAAFVFFLLARSYVAPRYHIALYLSALIVFIAGYHYLRIFESWVGAYQLQDGVYVPTGKPFNDFYRYADWLLTVPLLLLELILVLGLTAARTWNLSIKLVVASVLMLALGYVGEVNTEPGPRTLWGALSSIPFFYILYVLWVELGQAIREAKFGPRVLELLGATRLVLLMSWGFYPIAYALGTWLPGGAAQEVAIQIGYSLADLIAPIYGLLVFAIARAKSLEEGF | U31: TR | V31: TR | W31: Oebe021079 | X31: TRUE | Y31: TR | Z31: TR | AA31: Proton pump | AB31: TR_Thermus thermophilus JL-18
A32: 40 | B32: include | C32: XR | D32: Xanthorhodopsin | E32: Salinibacter ruber | F32: Bacteria | G32: outward proton pump | H32: outward proton pump | I32: 3DDL | J32: X-ray | K32: 45901 | L32: Luecke et al., PNAS, 2008 | N32: 3DDL | O32: ELPTLTPGQYSLVFNMFSFTVATMTASFVFFVLARNNVAPKYRISMMVSALVVFIAGYHYFRITSSWEAAYALQNGMYQPTGELFNDAYRYVDWLLTVPLLTVELVLVMGLPKNERGPLAAKLGFLAALMIVLGYPGEVSENAALFGTRGLWGFLSTIPFVWILYILFTQLGDTIQRQSSRVSTLLGNARLLLLATWGFYPIAYMIPMPSNTPGTIVALQVGYTIADVLAKAGYGVLIYNIAKAKSEEEGFN | P32: Q2S2F8 | Q32: 252.0 | R32: ELPTLTPGQYSLVFNMFSFTVATMTASFVFFVLARNNVAPKYRISMMVSALVVFIAGYHYFRITSSWEAAYALQNGMYQPTGELFNDAYRYVDWLLTVPLLTVELVLVMGLPKNERGPLAAKLGFLAALMIVLGYPGEVSENAALFGTRGLWGFLSTIPFVWILYILFTQLGDTIQRQSSRVSTLLGNARLLLLATWGFYPIAYMIPMPSNTPGTIVALQVGYTIADVLAKAGYGVLIYNIAKAKSEEEGFN | U32: XR | V32: XR | W32: O6e029fb0c | X32: TRUE | Y32: XR | Z32: XR | AA32: Proton pump | AB32: XR_Salinibacter ruber
A33: 41 | B33: include | C33: RxR | E33: Rubrobacter xylanophilus DSM 9941 | F33: Bacteria | G33: outward proton pump | H33: outward proton pump | I33: 6KFQ | J33: X-ray | K33: 45870 | L33: Hayashi et al., J Phys Chem B, 2020 | N33: 6KFQ | O33: MEALWLWIGFVGMLLGTLYFAFLLTNAPEGTRYFFVITATITGIAAIAYLVMATGSGSTVLPDGREFYWARYIDWVITTPLLLLDLCLLALADPRRNVTFIASLIALDVVMILTGLWAGATVNVAGRAILFIISTAAFIGVLYLLVSRLFAEASRRTPAVAQIFRTLAVLTIVLWICYPIVWLIGTEGFGAVSLSVEVFLFMVLDLLAKVGFGLLLLSSRQALSDIGSG | P33: Q1AUE6 | Q33: 229.0 | R33: MEALWLWIGFVGMLLGTLYFAFLLTNAPEGTRYFFVITATITGIAAIAYLVMATGSGSTVLPDGREFYWARYIDWVITTPLLLLDLCLLALADPRRNVTFIASLIALDVVMILTGLWAGATVNVAGRAILFIISTAAFIGVLYLLVSRLFAEASRRTPAVAQIFRTLAVLTIVLWICYPIVWLIGTEGFGAVSLSVEVFLFMVLDLLAKVGFGLLLLSSRQALSDIGSG | U33: RxR | V33: RxR | W33: O9bf555c17 | X33: TRUE | Y33: RxR | Z33: RxR | AA33: Proton pump | AB33: RxR_Rubrobacter xylanophilus DSM 9941
A34: 42 | B34: include | C34: Med12BPR | E34: uncultured bacterium | F34: Bacteria | G34: outward proton pump | H34: outward proton pump | I34: 4JQ6 | J34: X-ray | K34: 45718 | L34: Ran et al., Acta Crystallogr D Biol Crystallogr, 2013 | N34: 4JQ6 | O34: DYVGISFWLAAAIMLASTVFFFVERSDVPVKWKTSLTVAGLVTGVAFWHYLYMRGVWIYAGETPTVFRYIDWLITVPLQIIEFYLIIAAAVFWKLLIASLVMLIGGFIGEAGLGDVVVWWIVGMIAWLYIIYEIFLGAASQQAFNTIKWIVTVGWAIYPIGYAWGYFGDGLNEDALNIVYNLADLINKAAFGLAIWAAAMKDK | P34: Q4PP54 | Q34: 203.0 | R34: DYVGISFWLAAAIMLASTVFFFVERSDVPVKWKTSLTVAGLVTGVAFWHYLYMRGVWIYAGETPTVFRYIDWLITVPLQIIEFYLIIAAAVFWKLLIASLVMLIGGFIGEAGLGDVVVWWIVGMIAWLYIIYEIFLGAASQQAFNTIKWIVTVGWAIYPIGYAWGYFGDGLNEDALNIVYNLADLINKAAFGLAIWAAAMKDK | U34: Med12BPR | V34: Med12BPR | W34: O34c1e6315 | X34: TRUE | Y34: Med12BPR | Z34: Med12BPR | AA34: Proton pump | AB34: Med12BPR_uncultured bacterium
A35: 43 | B35: include | C35: HOT75BPR-D97N | E35: gamma proteobacterium 'Hot 75m4 | F35: Bacteria | G35: outward proton pump | H35: outward proton pump | I35: 4KLY | J35: X-ray | K35: 45840 | L35: Ran et al., Acta Crystallogr D Biol Crystallogr, 2013 | N35: 4KLY | O35: GDLDISDTVGVSFWLVTAGLAATVFFFVERDQVSAKWKTSLTVSGLITGIAFWHYLYRGVWIDTGDTPTVFRYINWLLTVPLQVVEFYLILAACTSVAASLFKKLLAGSLVLGAGFAGEAGLAPVLPAFIIGAGWLYIYELYGEGKAAVSTASPAVNSAYNAIIVVGWAIYPAGYAAGYLVYASNLNLIYNLADFVNKILFGLIIWNVAVKESSNALEHHH | P35: Q9AFF7 | Q35: 221.0 | R35: GDLDISDTVGVSFWLVTAGLAATVFFFVERDQVSAKWKTSLTVSGLITGIAFWHYLYRGVWIDTGDTPTVFRYINWLLTVPLQVVEFYLILAACTSVAASLFKKLLAGSLVLGAGFAGEAGLAPVLPAFIIGAGWLYIYELYGEGKAAVSTASPAVNSAYNAIIVVGWAIYPAGYAAGYLVYASNLNLIYNLADFVNKILFGLIIWNVAVKESSNALEHHH | U35: HOT75BPR-D97N | V35: HOT75BPR_D97N | W35: O87fbcd72d | X35: TRUE | Y35: HOT75BPR-D97N | Z35: H75BPR-D97N | AA35: Proton pump | AB35: HOT75BPR_D97N_gamma proteobacterium 'Hot 75m4
A36: 44 | B36: include | C36: GPR-A18L | E36: uncultured Gammaproteobacteria bacterium | F36: Bacteria | G36: outward proton pump | H36: outward proton pump | I36: 8CQC | J36: cryo-EM | K36: 45871 | L36: Hirschi et al., Nat Commun., 2024 | N36: 8CQC | O36: DASDYTGVSFWLVTAALLASTVFFFVERDRVSAKWKTSLTVSGLVTGIAFWHYMYMRGVWIETGDSPTVFRYIDWLLTVPLLICEFYLILAAATNVAGSLFKKLLVGSLVMLVFGYMGEAGIMAAWPAFIIGCLAWVYMIYELWAGEGKSACNTASPAVQSAYNTMMYIIIFGWAIYPVGYFTGYLNLNLIYNLADFVNKILFGLIIWNVAVKESSN | P36: Q6J4G7 | Q36: 217.0 | R36: DASDYTGVSFWLVTAALLASTVFFFVERDRVSAKWKTSLTVSGLVTGIAFWHYMYMRGVWIETGDSPTVFRYIDWLLTVPLLICEFYLILAAATNVAGSLFKKLLVGSLVMLVFGYMGEAGIMAAWPAFIIGCLAWVYMIYELWAGEGKSACNTASPAVQSAYNTMMYIIIFGWAIYPVGYFTGYLNLNLIYNLADFVNKILFGLIIWNVAVKESSN | U36: GPR-A18L | V36: GPR_A18L | W36: Oc98c7da8d | X36: TRUE | Y36: GPR-A18L | Z36: GPR-A18L | AA36: Proton pump | AB36: GPR_A18L_uncultured Gammaproteobacteria bacterium
A37: 45 | B37: include | C37: ESR | E37: Exiguobacterium artemiae | F37: Bacteria | G37: outward proton pump | H37: outward proton pump | I37: 4HYJ | J37: X-ray | K37: 45718 | L37: Gushchin et al., PNAS, 2013 | N37: 4HYJ | O37: EVNLLVLATQYMFWVGFVGMAAGTLYFLVERNSLAPEYRSTATVAALVTFVAAIHYYFMKDAVGTSGLLSEIDGFPTEIRYIDWLVTTPLLLVKFPLLLGRLGRPLLTKLVIADVIMIVGGYIGESSINIAGGFTQLGLWSYLIGCFAWIYIIYLLFTNVTKAAENKPAPIRDALLKMRLFILIGWAIYPIGYAVTLFAPGVEIQLVRELIYNFADLTNKVGFGLIAFFAVKTMSS | P37: B1YFV8 | Q37: 236.0 | R37: EVNLLVLATQYMFWVGFVGMAAGTLYFLVERNSLAPEYRSTATVAALVTFVAAIHYYFMKDAVGTSGLLSEIDGFPTEIRYIDWLVTTPLLLVKFPLLLGRLGRPLLTKLVIADVIMIVGGYIGESSINIAGGFTQLGLWSYLIGCFAWIYIIYLLFTNVTKAAENKPAPIRDALLKMRLFILIGWAIYPIGYAVTLFAPGVEIQLVRELIYNFADLTNKVGFGLIAFFAVKTMSS | U37: ESR | V37: ESR | W37: O82a52e1d2 | X37: TRUE | Y37: ESR | Z37: ESR | AA37: Proton pump | AB37: ESR_Exiguobacterium artemiae
A38: 46 | B38: include | C38: MacR | E38: Candidatus Actinomarina minuta | F38: Bacteria | G38: outward proton pump | H38: outward proton pump | I38: 7AVN | J38: X-ray | K38: 45809 | L38: unpublished??? | N38: 7AVN | O38: MEELTYRLFMVATVGMLAGTVFLLASSREVKPEHRRGVYISALVCGIAWYHYQKMGASWESGSYDTGLRYVDWVLTVPLMFVEVLAVTRKGAAYNEAVRNWGIAATVMIGAGYYGETSAAGSNEYWTGFVIAMATYVWLMRNLQAEGEGLKGDQAVAFENIKNLILVGWIIYPLGYIAPVVGDFDAIREVLYTIADIINVGLGVLVLQMARVQSGE | P38: S5DM51 | Q38: 216.0 | R38: MEELTYRLFMVATVGMLAGTVFLLASSREVKPEHRRGVYISALVCGIAWYHYQKMGASWESGSYDTGLRYVDWVLTVPLMFVEVLAVTRKGAAYNEAVRNWGIAATVMIGAGYYGETSAAGSNEYWTGFVIAMATYVWLMRNLQAEGEGLKGDQAVAFENIKNLILVGWIIYPLGYIAPVVGDFDAIREVLYTIADIINVGLGVLVLQMARVQSGE | U38: MacR | V38: MacR | W38: Ob29057596 | X38: TRUE | Y38: MacR | Z38: MacR | AA38: Proton pump | AB38: MacR_Candidatus Actinomarina minuta
A39: 47 | B39: include | C39: VirR DTS | E39: Phaeocystis globosa virus 12T | F39: Virus | G39: outward proton pump | H39: outward proton pump | I39: 6JO0 | J39: X-ray | K39: 45839 | L39: Needham et al., PNAS., 2019 | N39: 6JO0 | O39: ENSFIVKNTMIFSFLIQIITLIIGIFAQFIKVPRHKYILKDALLLENIVQFIEAIFYLWFIYFYKENVDKIDIAKYRYYDWFLTTPTMILSVIIYFHYNNSSKKIYYNMITFFKQDFRKILELWFYNFNMLIIGYLQEINIISILLSTLIGFYFFGLLFYKMFKYYVVQNKKNYLLFFLMFFIWGLYGIAALFNYKFKNAFYNILDIFSKNFFGLFLAYLVFTG | P39: G8DI69 | Q39: 224.0 | R39: ENSFIVKNTMIFSFLIQIITLIIGIFAQFIKVPRHKYILKDALLLENIVQFIEAIFYLWFIYFYKENVDKIDIAKYRYYDWFLTTPTMILSVIIYFHYNNSSKKIYYNMITFFKQDFRKILELWFYNFNMLIIGYLQEINIISILLSTLIGFYFFGLLFYKMFKYYVVQNKKNYLLFFLMFFIWGLYGIAALFNYKFKNAFYNILDIFSKNFFGLFLAYLVFTG | U39: VirR DTS | V39: VirR_DTS | W39: Oac2e063ab | X39: TRUE | Y39: VirR DTS | Z39: VirR | AA39: Proton pump | AB39: VirR_DTS_Phaeocystis globosa virus 12T
A40: 48 | B40: include | C40: CyR N2098R | D40: cyanorhodopsin N2098R | E40: Calothrix sp. NIES-2098 | F40: Bacteria | G40: outward proton pump | H40: outward proton pump | I40: 6LM0 | J40: X-ray | K40: 45840 | L40: Hasegawa et al., Sci Rep., 2020 | N40: 6LM0 | O40: SGMTQFWLWVGFIGMVIGCIYFGMKASAMRRREGMEFPLESFFITLWAAALYLTMILGETVTPINGQTVFWGRYIDWVVTTPLLLMELGVIAGLRPKLIAGVMGADIFMIVTGFIGAVEAPPYNYLWWLISTGSFLAILGSLLTEYSASAKRRNGRINSLFQTLRNILIVLWICYPIVWILGAEGFHVISVGWETLCYSVLDVCAKVGFGFVVVSAGNETLAQASNSDRIMETVHSYMQSEE | P40: A0A1Z4FUT4 | Q40: 242.0 | R40: SGMTQFWLWVGFIGMVIGCIYFGMKASAMRRREGMEFPLESFFITLWAAALYLTMILGETVTPINGQTVFWGRYIDWVVTTPLLLMELGVIAGLRPKLIAGVMGADIFMIVTGFIGAVEAPPYNYLWWLISTGSFLAILGSLLTEYSASAKRRNGRINSLFQTLRNILIVLWICYPIVWILGAEGFHVISVGWETLCYSVLDVCAKVGFGFVVVSAGNETLAQASNSDRIMETVHSYMQSEE | U40: CyR N2098R | V40: CyR_N2098R | W40: O44e64517b | X40: TRUE | Y40: cyanorhodopsin N2098R | Z40: cyR-N2098R | AA40: Proton pump | AB40: CyR_N2098R_Calothrix sp. NIES-2098
A41: 49 | B41: include | C41: CyR N4075R | D41: cyanorhodopsin N4075R | E41: Tolypothrix sp. NIES-4075 | F41: Bacteria | G41: outward proton pump | H41: outward proton pump | I41: 6LM1 | J41: X-ray | K41: 45901 | L41: Hasegawa et al., Sci Rep., 2020 | N41: 6LM1 | O41: GMTQLALIGLWIGFIGMVIGAVIFGQKAVAMRRKEGMEFPLKSFFIVLWAGALYLTMILGETVTPVQTVFWGRYVDWVVTTPVLLLDLGVLAGLRPKLIAGVIAADIFMILTGLVATLEAPPTSYLWYIISCGAFIAILASLLTEFTASAARRNVRVNNLFLKLRNYLIVLWICYPIVWLLGAEAFKIIPTGVEVVIYAIIDIAAKVGFGLILTSAAPEILAQASN | P41: A0A218QMM7 | Q41: 226.0 | R41: GMTQLALIGLWIGFIGMVIGAVIFGQKAVAMRRKEGMEFPLKSFFIVLWAGALYLTMILGETVTPVQTVFWGRYVDWVVTTPVLLLDLGVLAGLRPKLIAGVIAADIFMILTGLVATLEAPPTSYLWYIISCGAFIAILASLLTEFTASAARRNVRVNNLFLKLRNYLIVLWICYPIVWLLGAEAFKIIPTGVEVVIYAIIDIAAKVGFGLILTSAAPEILAQASN | U41: CyR N4075R | V41: CyR_N4075R | W41: O350b1f525 | X41: TRUE | Y41: cyanorhodopsin N4075R | Z41: cyR-N4075R | AA41: Proton pump | AB41: CyR_N4075R_Tolypothrix sp. NIES-4075
A42: 50 | B42: include | C42: CyR-II P7104R | D42: cyanorhodopsin-II P7104R | E42: Nodosilinea nodulosa PCC 7104 | F42: Bacteria | G42: outward proton pump | H42: outward proton pump | I42: 8H79 | J42: X-ray | K42: 45659 | L42: Hasegawa et al., ISME J, 2024 | N42: 8H79 | O42: MNLLSQVSFWVGCGILAFGSIVFGLGAWNAKRQSWEEFYIVHFTVTTVAACAYLAMAMGQGEITLQNTDLAAEGVRHIYWARYCDWIVTTPLILFSICRLSKVRGTMIAGIIMSDVLMIITGAIAAFSFAPERYVWYIVSCMFEVAIFVILLGAVRTSAMRQHYDVKNLFNLVFTVFSIYFWAYPIVWILGQKGVGLYGTGVESLLIMLLDITAKVFYGFLLLRDRETLQRMGQLS | Q42: 236.0 | R42: MNLLSQVSFWVGCGILAFGSIVFGLGAWNAKRQSWEEFYIVHFTVTTVAACAYLAMAMGQGEITLQNTDLAAEGVRHIYWARYCDWIVTTPLILFSICRLSKVRGTMIAGIIMSDVLMIITGAIAAFSFAPERYVWYIVSCMFEVAIFVILLGAVRTSAMRQHYDVKNLFNLVFTVFSIYFWAYPIVWILGQKGVGLYGTGVESLLIMLLDITAKVFYGFLLLRDRETLQRMGQLS | U42: CyR-II P7104R | V42: CyR_II_P7104R | W42: O50bb08910 | X42: TRUE | Y42: cyanorhodopsin-II P7104R | Z42: cyR2-P7104R | AA42: Proton pump | AB42: CyR_II_P7104R_Nodosilinea nodulosa PCC 7104
A43: 51 | B43: include | C43: PspR | E43: Pseudomonas putida | F43: Bacteria | G43: outward proton pump | H43: outward proton pump | I43: 7W74 | J43: X-ray | K43: 45871 | L43: Suzuki et al., JBC, 2022 | N43: 7W74 | O43: MIQTPLLIGFIVMALASLAIYIKGAHYGPLLGHTLIHAAVPFIAATAYLCMYLGVGNLIKVDGSVTYLARYVDWAFTTPLLLAGVVSSAYYGTRDLYGKSGYITAIVTLDVIMIVTGLIASLAPYGVIKWVFFAWSCAAFAGVLYLLWKPVASIASQQPGVSPAYRRNVGFLTVLWLIYPVVFAVGPEGFWAVSDATTVWVFLVLDVLAKVVYAFTSERNLRAVPV | P43: A0A370SAH7 | Q43: 226.0 | R43: MIQTPLLIGFIVMALASLAIYIKGAHYGPLLGHTLIHAAVPFIAATAYLCMYLGVGNLIKVDGSVTYLARYVDWAFTTPLLLAGVVSSAYYGTRDLYGKSGYITAIVTLDVIMIVTGLIASLAPYGVIKWVFFAWSCAAFAGVLYLLWKPVASIASQQPGVSPAYRRNVGFLTVLWLIYPVVFAVGPEGFWAVSDATTVWVFLVLDVLAKVVYAFTSERNLRAVPV | U43: PspR | V43: PspR | W43: O81a01dd73 | X43: TRUE | Y43: PspR | Z43: PspR | AA43: Proton pump | AB43: PspR_Pseudomonas putida
A44: 52 | B44: include | C44: SpaR | E44: Sphingomonas paucimobilis | F44: Bacteria | G44: outward proton pump | H44: outward proton pump | I44: 8ANQ | J44: X-ray | K44: 45871 | L44: Okhrimenko et al., Commun. Biol., 2023 | N44: 8ANQ | O44: DWMAFLIGFTIMSLASLAIYAKGSKTSPALHHTLLHAAVPFIAATAYLAMTFGIGTLVNFNGSVTYLARYADWSVTTPILLASLVLLAFHERGRTGEVGGYLTAIIVLDVLMIVTGLISSLAVVPALKWVWYLWSCAAFLGVLYLLWVPLRAMAVERGEALGTAYQKNVAFLTVIWFLYPIVFLIGPEGLKIISDPTSVWAILIMDVLAVVYAFYAAANLETALRHH | P44: A0A411LJN5 | Q44: 227.0 | R44: DWMAFLIGFTIMSLASLAIYAKGSKTSPALHHTLLHAAVPFIAATAYLAMTFGIGTLVNFNGSVTYLARYADWSVTTPILLASLVLLAFHERGRTGEVGGYLTAIIVLDVLMIVTGLISSLAVVPALKWVWYLWSCAAFLGVLYLLWVPLRAMAVERGEALGTAYQKNVAFLTVIWFLYPIVFLIGPEGLKIISDPTSVWAILIMDVLAVVYAFYAAANLETALRHH | U44: SpaR | V44: SpaR | W44: O35c4fc4af | X44: TRUE | Y44: SpaR | Z44: SpaR | AA44: Proton pump | AB44: SpaR_Sphingomonas paucimobilis
A45: 53 | B45: include | C45: Kin4B8 | E45: uncultured Bdellovibrionales bacterium | F45: Bacteria | G45: outward proton pump | H45: outward proton pump | I45: 7YTB | J45: cryo-EM | K45: 3.0 | L45: Chazan et al., Nature, 2023 | N45: 7YTB | O45: SATTLTLQQFSTVYNMLSFAVASMLGAFAFFVMGRKIVGPKYRLALVVSSLVVLIAGYHYWRIMGSWTAAYALKDGMYVPTGEPFNDAYRYVDWLLTVPLLLTELVLVMKLKKESGSVLAKLILAAIAMIALGYPGEISNPESQAGARLMWGVLSTVPFLYILYVLWVRLGDAIGEHPAKVQVLLKNTRYLILLTWGFYPIVYAMGSYGWLGGAGSVVAVQVGYSIADVTAKALYGVMIFAIAYAKSEADGSLPA | P45: A0A977XLG0 | Q45: 255.0 | R45: SATTLTLQQFSTVYNMLSFAVASMLGAFAFFVMGRKIVGPKYRLALVVSSLVVLIAGYHYWRIMGSWTAAYALKDGMYVPTGEPFNDAYRYVDWLLTVPLLLTELVLVMKLKKESGSVLAKLILAAIAMIALGYPGEISNPESQAGARLMWGVLSTVPFLYILYVLWVRLGDAIGEHPAKVQVLLKNTRYLILLTWGFYPIVYAMGSYGWLGGAGSVVAVQVGYSIADVTAKALYGVMIFAIAYAKSEADGSLPA | U45: Kin4B8 | V45: Kin4B8 | W45: O3e9ee2413 | X45: TRUE | Y45: Kin4B8 | Z45: Kin4B8 | AA45: Proton pump | AB45: Kin4B8_uncultured Bdellovibrionales bacterium
A46: 54 | B46: include | C46: LR | D46: Mac | E46: Plenodomus lingam | F46: Eukaryota | G46: outward proton pump | H46: outward proton pump | I46: 7BMH | J46: X-ray | K46: 45690 | L46: Zabelskii et al., Commun. Biol., 2021 | N46: 7BMH | O46: PIYETVGDSGSKTLWVVFVLMLIASAAFTALSWKIPVNRRLYHVITTIITLTAALSYFAMATGHGVALNKIVIRTQHDHVPDTYETVYRQVYYARYIDWAITTPLLLLDLGLLAGMSGAHIFMAIVADLIMVLTGLFAAFGSEGTPQKWGWYTIACIAYIFVVWHLVLNGGANARVKGEKLRSFFVAIGAYTLILWTAYPIVWGLADGARKIGVDGEIIAYAVLDVLAGVFGAWLLVTHANLRESD | P46: Q9HGT7 | Q46: 246.0 | R46: PIYETVGDSGSKTLWVVFVLMLIASAAFTALSWKIPVNRRLYHVITTIITLTAALSYFAMATGHGVALNKIVIRTQHDHVPDTYETVYRQVYYARYIDWAITTPLLLLDLGLLAGMSGAHIFMAIVADLIMVLTGLFAAFGSEGTPQKWGWYTIACIAYIFVVWHLVLNGGANARVKGEKLRSFFVAIGAYTLILWTAYPIVWGLADGARKIGVDGEIIAYAVLDVLAGVFGAWLLVTHANLRESD | U46: LR | V46: LR | W46: O90a7c45ea | X46: TRUE | Y46: Mac | Z46: Mac | AA46: Proton pump | AB46: LR_Plenodomus lingam
A47: 55 | B47: include | C47: CsR | E47: Coccomyxa subellipsoidea C-169 | F47: Eukaryota | G47: outward proton pump | H47: outward proton pump | I47: 6GYH | J47: X-ray | K47: 2.0 | L47: Fudim et al., Sci. Signal., 2019 | N47: 6GYH | O47: AVHQIGEGGLVMYWVTFGLMAFSALAFAVMTFTRPLNKRSHGYITLAIVTIAAIAYYAMAASGGKALVSNPDGNLRDIYYARYIDWFFTTPLLLLDIILLTGIPIGVTLWIVLADVAMIMLGLFGALSTNSYRWGYYGVSCAFFFVVLWGLFFPGAKGARARGGQVPGLYFGLAGYLALLWFGYPIVWGLAEGSDYISVTAEAASYAGLDIAAKVVFGWAVMLSH | P47: I0YUS5 | Q47: 225.0 | R47: AVHQIGEGGLVMYWVTFGLMAFSALAFAVMTFTRPLNKRSHGYITLAIVTIAAIAYYAMAASGGKALVSNPDGNLRDIYYARYIDWFFTTPLLLLDIILLTGIPIGVTLWIVLADVAMIMLGLFGALSTNSYRWGYYGVSCAFFFVVLWGLFFPGAKGARARGGQVPGLYFGLAGYLALLWFGYPIVWGLAEGSDYISVTAEAASYAGLDIAAKVVFGWAVMLSH | U47: CsR | V47: CsR | W47: Ocbac91dde | X47: TRUE | Y47: CsR | Z47: CsR | AA47: Proton pump | AB47: CsR_Coccomyxa subellipsoidea C-169
A48: 56 | B48: include | C48: Acetabularia Rhodopsin I | D48: ARI | E48: Acetabularia acetabulum | F48: Eukaryota | G48: outward proton pump | H48: outward proton pump | I48: 5AWZ | J48: X-ray | K48: 45809 | L48: Furuse et al., Acta Crystallogr D Biol Crystallogr, 2015 | N48: 5AWZ | O48: SNPNPFQTTLGTDAQWVVFAVMALAAIVFSIAVQFRPLPLRLTYYVNIAICTIAATAYYAMAVNGGDNKPTAGTGADERQVIYARYIDWVFTTPLLLLDLVLLTNMPATMIAWIMGADIAMIAFGIIGAFTVGSYKWFYFVVGCIMLAVLAWGMINPIFKEELQKHKEYTGAYTTLLIYLIVLWVIYPIVWGLGAGGHIIGVDVEIIAMGILDLLAKPLYAIGVLITVEVVYGKL | P48: G3CEP6 | Q48: 235.0 | R48: SNPNPFQTTLGTDAQWVVFAVMALAAIVFSIAVQFRPLPLRLTYYVNIAICTIAATAYYAMAVNGGDNKPTAGTGADERQVIYARYIDWVFTTPLLLLDLVLLTNMPATMIAWIMGADIAMIAFGIIGAFTVGSYKWFYFVVGCIMLAVLAWGMINPIFKEELQKHKEYTGAYTTLLIYLIVLWVIYPIVWGLGAGGHIIGVDVEIIAMGILDLLAKPLYAIGVLITVEVVYGKL | U48: Acetabularia Rhodopsin I | V48: Acetabularia_Rhodopsin_I | W48: Ob91f0dc0d | X48: TRUE | Y48: ARI | Z48: ARI | AA48: Proton pump | AB48: Acetabularia_Rhodopsin_I_Acetabularia acetabulum
A49: 57 | B49: include | C49: Acetabularia Rhodopsin II | D49: ARII | E49: Acetabularia acetabulum | F49: Eukaryota | G49: outward proton pump | H49: outward proton pump | I49: 3AM6 | J49: X-ray | K49: 45691 | L49: Wada et al., JMB, 2011 | N49: 3AM6 | O49: MADVETETGMIAQWIVFAIMAAAAIAFGVAVHFRPLKSAYYINIAICTIAATAYYAMAVNYQDLTMNGERQVVYARYIDWVLTTPLLLLDLIVMTKMGGVMISWVIGADIFMIVFGILGAFEDEHKFKWVYFIAGCVMQAVLTYGMYNATWKDDKSPEYHSSYVSLLVFLSILWVFYPVVWAFGSGSGVLSVDNEAILMGILDVLAKPLFGMGCLIAHETIFKK | P49: G1K3Q0 | Q49: 224.0 | R49: MADVETETGMIAQWIVFAIMAAAAIAFGVAVHFRPLKSAYYINIAICTIAATAYYAMAVNYQDLTMNGERQVVYARYIDWVLTTPLLLLDLIVMTKMGGVMISWVIGADIFMIVFGILGAFEDEHKFKWVYFIAGCVMQAVLTYGMYNATWKDDKSPEYHSSYVSLLVFLSILWVFYPVVWAFGSGSGVLSVDNEAILMGILDVLAKPLFGMGCLIAHETIFKK | U49: Acetabularia Rhodopsin II | V49: Acetabularia_Rhodopsin_II | W49: O06b79f397 | X49: TRUE | Y49: ARII | Z49: ARII | AA49: Proton pump | AB49: Acetabularia_Rhodopsin_II_Acetabularia acetabulum
A50: 58 | B50: include | C50: HsHR | D50: halorhodopsin | E50: Halobacterium salinarum | F50: Archaea | G50: inward chloride pump | H50: inward chloride pump | I50: 1E12 | J50: X-ray | K50: 45870 | L50: Kolbe et al., Science, 2000 | N50: 1E12 | O50: RENALLSSSLWVNVALAGIAILVFVYMGRTIRPGRPRLIWGATLMIPLVSISSYLGLLSGLTVGMIEMPAGHALAGEMVRSQWGRYLTWALSTPMILLALGLLADVDLGSLFTVIAADIGMCVTGLAAAMTTSALLFRWAFYAISCAFFVVVLSALVTDWAASASSAGTAEIFDTLRVLTVVLWLGYPIVWAVGVEGLALVQSVGATSWAYSVLDVFAKYVFAFILLRWVANNERTVAV | P50: P0DMH7 | Q50: 239.0 | R50: RENALLSSSLWVNVALAGIAILVFVYMGRTIRPGRPRLIWGATLMIPLVSISSYLGLLSGLTVGMIEMPAGHALAGEMVRSQWGRYLTWALSTPMILLALGLLADVDLGSLFTVIAADIGMCVTGLAAAMTTSALLFRWAFYAISCAFFVVVLSALVTDWAASASSAGTAEIFDTLRVLTVVLWLGYPIVWAVGVEGLALVQSVGATSWAYSVLDVFAKYVFAFILLRWVANNERTVAV | U50: HsHR | V50: HsHR | W50: O6dcef2adb | X50: TRUE | Y50: HsHR | Z50: HsHR | AA50: Chloride pump | AB50: HsHR_Halobacterium salinarum
A51: 59 | B51: include | C51: NpHR | E51: Natronomonas pharaonis DSM 2160 | F51: Archaea | G51: inward chloride pump | H51: inward chloride pump | I51: 3A7K | J51: X-ray | K51: 2.0 | L51: Kouyama et al., JMB, 2010 | N51: 3A7K | O51: VTQRELFEFVLNDPLLASSLYINIALAGLSILLFVFMTRGLDDPRAKLIAVSTILVPVVSIASYTGLASGLTISVLEMPAGHFAEGSSVMLGGEEVDGVVTMWGRYLTWALSTPMILLALGLLAGSNATKLFTAITFDIAMCVTGLAAALTTSSHLMRWFWYAISCACFIVVLYILLVEWAQDAKAAGTADIFSTLKLLTVVMWLGYPIVWALGVEGVAVLPVGYTSWAYSALDIVAKYIFAFLLLNYLTSNEGVVSGS | P51: Q3ITX1 | Q51: 259.0 | R51: VTQRELFEFVLNDPLLASSLYINIALAGLSILLFVFMTRGLDDPRAKLIAVSTILVPVVSIASYTGLASGLTISVLEMPAGHFAEGSSVMLGGEEVDGVVTMWGRYLTWALSTPMILLALGLLAGSNATKLFTAITFDIAMCVTGLAAALTTSSHLMRWFWYAISCACFIVVLYILLVEWAQDAKAAGTADIFSTLKLLTVVMWLGYPIVWALGVEGVAVLPVGYTSWAYSALDIVAKYIFAFLLLNYLTSNEGVVSGS | U51: NpHR | V51: NpHR | W51: O6ff5517a8 | X51: TRUE | Y51: NpHR | Z51: NpHR | AA51: Chloride pump | AB51: NpHR_Natronomonas pharaonis DSM 2160
A52: 60 | B52: include | C52: NM-R3 | D52: NmClR, NmHR | E52: Nonlabens marinus S1-08 | F52: Bacteria | G52: inward chloride pump | H52: inward chloride pump | I52: 5B2N | J52: X-ray | K52: 45809 | L52: Hosaka et al., JBC, 2016 | N52: 5B2N | O52: KNIESLFDYSAGQFEFIDHLLTMGVGVHFAALIFFLVVSQFVAPKYRIATALSCIVMVSAGLILNSQAVMWTDAYAYVDGSYQLQDLTFSNGYRYVNWMATIPCLLLQLLIVLNLKGKELFSTATWLILAAWGMIITGYVGQLYEVDDIAQLMIWGAVSTAFFVVMNWIVGTKIFKNRATMLGGTDSTITKVFWLMMFAWTLYPIAYLVPAFMNNADGVVLRQLLFTIADISSKVIYGLMITYIAIQQSAAAGYVPAQQALGR | P52: W8VZW3 | Q52: 263.0 | R52: KNIESLFDYSAGQFEFIDHLLTMGVGVHFAALIFFLVVSQFVAPKYRIATALSCIVMVSAGLILNSQAVMWTDAYAYVDGSYQLQDLTFSNGYRYVNWMATIPCLLLQLLIVLNLKGKELFSTATWLILAAWGMIITGYVGQLYEVDDIAQLMIWGAVSTAFFVVMNWIVGTKIFKNRATMLGGTDSTITKVFWLMMFAWTLYPIAYLVPAFMNNADGVVLRQLLFTIADISSKVIYGLMITYIAIQQSAAAGYVPAQQALGR | U52: NM-R3 | V52: NM_R3 | W52: O980c122b6 | X52: TRUE | Y52: NmClR, NmHR | Z52: NmClR | AA52: Chloride pump | AB52: NM_R3_Nonlabens marinus S1-08
A53: 61 | B53: include | C53: MrHR | D53: MastR | E53: Mastigocladopsis repens | F53: Bacteria | G53: inward chloride pump | H53: inward chloride pump | I53: 6XL3 | J53: X-ray | K53: 45718 | L53: Besaw et al., JBC, 2020 | N53: 6XL3 | O53: MTQAWLWIGVISMALGSVFFGFGAHNAKNERWQILYTLNFFICLIAAGLYLAMALGLGVNVINGRPTYWVRFVTWFCSTPLLLLDLTFLGRTSLPLTGSLLGANAYMLVTGFVATVTPKPMSYIWYIVSCAAYLAIVYLLAQPYRIAAERKHPRSKQAFRTLVTVHLVLWTLYPIVWILSPEGFSTFTQGSETMFYTLLDIASKVGFGFLSLNTLHTLEQATE | Q53: 223.0 | R53: MTQAWLWIGVISMALGSVFFGFGAHNAKNERWQILYTLNFFICLIAAGLYLAMALGLGVNVINGRPTYWVRFVTWFCSTPLLLLDLTFLGRTSLPLTGSLLGANAYMLVTGFVATVTPKPMSYIWYIVSCAAYLAIVYLLAQPYRIAAERKHPRSKQAFRTLVTVHLVLWTLYPIVWILSPEGFSTFTQGSETMFYTLLDIASKVGFGFLSLNTLHTLEQATE | U53: MrHR | V53: MrHR | W53: O029d00a7d | X53: TRUE | Y53: MrHR | Z53: MrHR | AA53: Chloride pump | AB53: MrHR_Mastigocladopsis repens
A54: 62 | B54: include | C54: SyHR | E54: Synechocystis sp. PCC 7509 | F54: Bacteria | G54: inward chloride pump | H54: inward chloride pump | I54: 7ZOU | J54: X-ray | K54: 45809 | L54: Astashkin et al., Nat Commun., 2022 | N54: 7ZOU | O54: AQIWLWIGVIGMALGSIFFGIGAHNAKNERWKILFTINFFICAIATGLYLSMALGQGRSVIAGRPTVWVRYITWFLSTPLLILDLTFLGKTSLPITASLLGANAYMIATGFVATISADRTIGHIWYVVSCFAFLATVYLLVNQYRKQAERNYPQAKKVFRKLLSVHLVLWTLYPIVWLLGNTGFNAVNQGTETMFYTILDITSVGFGFLSLNSMHTLEKNTES | Q54: 223.0 | R54: AQIWLWIGVIGMALGSIFFGIGAHNAKNERWKILFTINFFICAIATGLYLSMALGQGRSVIAGRPTVWVRYITWFLSTPLLILDLTFLGKTSLPITASLLGANAYMIATGFVATISADRTIGHIWYVVSCFAFLATVYLLVNQYRKQAERNYPQAKKVFRKLLSVHLVLWTLYPIVWLLGNTGFNAVNQGTETMFYTILDITSVGFGFLSLNSMHTLEKNTES | U54: SyHR | V54: SyHR | W54: Oeb6cc95eb | X54: TRUE | Y54: SyHR | Z54: SyHR | AA54: Chloride pump | AB54: SyHR_Synechocystis sp. PCC 7509
A55: 63 | B55: include | C55: SsGHR | E55: Salinarimonas soli | F55: Bacteria | G55: inward chloride pump | H55: inward chloride pump | I55: 8XX8 | J55: X-ray | K55: 45810 | L55: Ishizuka et al., JBC, 2024 | N55: 8XX8 | O55: MNPRPIEPATEAWLWVGVAGMALAAIVMLAFVKRARTPFEESQAVSQFFVLLIAFGTYLAMALGQGSLTADDGRQVFVSRYITWTFTTPLLLLGLATTALGSPITRRKPVVAGLIGADIIMILTGLVAALSPSGSHEKWIWYGVSSGAFLAVYYLICGPLLLEARVTGADHRRLYLRNAVVLSVIWFLYPVNFLLGNEGLGQWGGTATTAIYTLLDLASKAAYGFFAITGVRALTDRAGAPALTLDEAARRAGGT | P55: A0A5B2VFD4 | Q55: 255.0 | R55: MNPRPIEPATEAWLWVGVAGMALAAIVMLAFVKRARTPFEESQAVSQFFVLLIAFGTYLAMALGQGSLTADDGRQVFVSRYITWTFTTPLLLLGLATTALGSPITRRKPVVAGLIGADIIMILTGLVAALSPSGSHEKWIWYGVSSGAFLAVYYLICGPLLLEARVTGADHRRLYLRNAVVLSVIWFLYPVNFLLGNEGLGQWGGTATTAIYTLLDLASKAAYGFFAITGVRALTDRAGAPALTLDEAARRAGGT | U55: SsGHR | V55: SsGHR | W55: Of8c0feedc | X55: TRUE | Y55: SsGHR | Z55: SsGHR | AA55: Chloride pump | AB55: SsGHR_Salinarimonas soli
A56: 64 | B56: include | C56: KR2 | D56: Krokinobacter Rhodopsin 2 | E56: Krokinobacter eikastus | F56: Bacteria | G56: outward sodium pump | H56: outward sodium pump | I56: 3X3C | J56: X-ray | K56: 45718 | L56: Kato et al., Nature, 2015 | N56: 3X3C | O56: LGNANFENFIGATEGFSEIAYQFTSHILTLGYAVMLAGLLYFILTIKNVDKKFQMSNILSAVVMVSAFLLLYAQAQNWTSSFTFNEEVGRYFLDPSGDLFNNGYRYLNWLIDVPMLLFQILFVVSLTTSKFSSVRNQFWFSGAMMIITGYIGQFYEVSNLTAFLVWGAISSAFFFHILWVMKKVINEGKEGISPAGQKILSNIWILFLISWTLYPGAYLMPYLTGVDGFLYSEDGVMARQLVYTIADVSSKVIYGVLLGNLAITLSKNKEL | P56: N0DKS8 | Q56: 271.0 | R56: LGNANFENFIGATEGFSEIAYQFTSHILTLGYAVMLAGLLYFILTIKNVDKKFQMSNILSAVVMVSAFLLLYAQAQNWTSSFTFNEEVGRYFLDPSGDLFNNGYRYLNWLIDVPMLLFQILFVVSLTTSKFSSVRNQFWFSGAMMIITGYIGQFYEVSNLTAFLVWGAISSAFFFHILWVMKKVINEGKEGISPAGQKILSNIWILFLISWTLYPGAYLMPYLTGVDGFLYSEDGVMARQLVYTIADVSSKVIYGVLLGNLAITLSKNKEL | U56: KR2 | V56: KR2 | W56: O9001230e7 | X56: TRUE | Y56: KR2 | Z56: KR2 | AA56: Sodium pump | AB56: KR2_Krokinobacter eikastus
A57: 65 | B57: include | C57: ErNaR | E57: Erythrobacter | F57: Bacteria | G57: outward sodium pump | H57: outward sodium pump | I57: 8QLF | J57: X-ray | K57: 45839 | L57: Podoliak et al., Nat Commun., 2024 | N57: 8QLF | O57: MPSIENFLAYDFWQYDVIRHLFAFSTAVFLAGLVYFAMTARTTAPNYRLSANISAVVMVSAALELGQLWLLWNESFQWAELQGSFVPVAGERFSNGYRYMNWLIDVPMLATQLVVVCGFVGTELRNRWAKLTIAGVLMILTGYVGQYFEPAVAGVPGYEGAEQFWIWGIISTAFFVWMLLILANAVRNPQGAPSDEVRSRLKFCFWFLLATWSIYPFAYAMPLFAPTADGVVVRQVIYTVADVSSLVFGVILSQVALRRSAEEGFEPARVA | P57: A0A1H1XA63 | Q57: 271.0 | R57: MPSIENFLAYDFWQYDVIRHLFAFSTAVFLAGLVYFAMTARTTAPNYRLSANISAVVMVSAALELGQLWLLWNESFQWAELQGSFVPVAGERFSNGYRYMNWLIDVPMLATQLVVVCGFVGTELRNRWAKLTIAGVLMILTGYVGQYFEPAVAGVPGYEGAEQFWIWGIISTAFFVWMLLILANAVRNPQGAPSDEVRSRLKFCFWFLLATWSIYPFAYAMPLFAPTADGVVVRQVIYTVADVSSLVFGVILSQVALRRSAEEGFEPARVA | U57: ErNaR | V57: ErNaR | W57: O812d5502f | X57: TRUE | Y57: ErNaR | Z57: ErNaR | AA57: Sodium pump | AB57: ErNaR_Erythrobacter
A58: 66 | B58: include | C58: IaNaR | E58: Indibacter alkaliphilus | F58: Bacteria | G58: outward sodium pump | H58: outward sodium pump | I58: 8JH0 | J58: X-ray | K58: 45871 | L58: Sato et al., JBC, 2023 | N58: 8JH0 | O58: NATFENYIGLQDGFNEMAYQMVAHVLTLGYAVMLAGLFYFVLTIKTVAPRFRTSSVLSVVVMVSAFLLLYVQASNWTESFVFDTERGKYFLGEGNDLFNNGYRYLNWLIDVPMLLFQILFVVTLTKSNFSSIRNQFWISGTGMIVTGYIGQFYEVTDLTMFAIWGAISTVFFFHILWLMKKVIDEGKDGIPAKAQETLQSIWVLFLVSWMLYPGAYLMPHLAGIEGLFFSEIGVVARQITYTIADVSSKVIYGILLTNVAQVMSK | P58: S2D3K4 | Q58: 265.0 | R58: NATFENYIGLQDGFNEMAYQMVAHVLTLGYAVMLAGLFYFVLTIKTVAPRFRTSSVLSVVVMVSAFLLLYVQASNWTESFVFDTERGKYFLGEGNDLFNNGYRYLNWLIDVPMLLFQILFVVTLTKSNFSSIRNQFWISGTGMIVTGYIGQFYEVTDLTMFAIWGAISTVFFFHILWLMKKVIDEGKDGIPAKAQETLQSIWVLFLVSWMLYPGAYLMPHLAGIEGLFFSEIGVVARQITYTIADVSSKVIYGILLTNVAQVMSK | U58: IaNaR | V58: IaNaR | W58: O1a94970fe | X58: TRUE | Y58: IaNaR | Z58: IaNaR | AA58: Sodium pump | AB58: IaNaR_Indibacter alkaliphilus
A59: 67 | B59: include | C59: SzR4 | D59: Schizorhodopsins 4 | E59: Promethearchaeati archaeon | F59: Archaea | G59: inward proton pump | H59: inward proton pump | I59: 7E4G | J59: X-ray | K59: 45659 | L59: Higuchi et al., PNAS, 2019 | N59: 7E4G | O59: MEQIIFYLGIGMFILSTIMFFFLKKKNAKLASINIIVSFVTIVSYILMLSGLFTLSATSGDTIYWTRWAFYAVSCSFLMVEISYLLRIDNTTRLEILVFNSMVMITGLFASISEDLYKWLFFIISSVAYLNVLFLIAKNRSEKKAIILFVAIFWSGFPIVWILSPAGLMVLNAFWTALFYLVLDFITKIYFGFHTTFKH | P59: A0A524F8J2 | Q59: 199.0 | R59: MEQIIFYLGIGMFILSTIMFFFLKKKNAKLASINIIVSFVTIVSYILMLSGLFTLSATSGDTIYWTRWAFYAVSCSFLMVEISYLLRIDNTTRLEILVFNSMVMITGLFASISEDLYKWLFFIISSVAYLNVLFLIAKNRSEKKAIILFVAIFWSGFPIVWILSPAGLMVLNAFWTALFYLVLDFITKIYFGFHTTFKH | U59: SzR4 | V59: SzR4 | W59: O2d97ab806 | X59: TRUE | Y59: SzR4 | Z59: SzR4 | AA59: Proton pump | AB59: SzR4_Promethearchaeati archaeon
A60: 68 | B60: include | C60: NsXeR | E60: Candidatus Nanosalina sp. J07AB43 | F60: Archaea | G60: inward proton pump | H60: inward proton pump | I60: 6EYU | J60: X-ray | K60: 45779 | L60: Shevchenko et al., Sci. Adv., 2017 | N60: 6EYU | O60: MVYEAITAGGFGSQPFILAYIITAMISGLLFLYLPRKLDVPQKFGIIHFFIVVWSGLMYTNFLNQSFLSDYAWYMDWMVSTPLILLALGLTAFHGADTKRYDLLGALLGAEFTLVITGLLAQAQGSITPYYVGVLLLLGVVYLLAKPFREIAEESSDGLARAYKILAGYIGIFFLSYPTVWYISGIDALPGSLNILDPTQTSIALVVLPFFCKQVYGFLDMYLIHKAELEHH | P60: G0QG75 | Q60: 232.0 | R60: MVYEAITAGGFGSQPFILAYIITAMISGLLFLYLPRKLDVPQKFGIIHFFIVVWSGLMYTNFLNQSFLSDYAWYMDWMVSTPLILLALGLTAFHGADTKRYDLLGALLGAEFTLVITGLLAQAQGSITPYYVGVLLLLGVVYLLAKPFREIAEESSDGLARAYKILAGYIGIFFLSYPTVWYISGIDALPGSLNILDPTQTSIALVVLPFFCKQVYGFLDMYLIHKAELEHH | U60: NsXeR | V60: NsXeR | W60: O749a1a243 | X60: TRUE | Y60: NsXeR | Z60: NsXeR | AA60: Proton pump | AB60: NsXeR_Candidatus Nanosalina sp. J07AB43
A61: 69 | B61: include | C61: BcXeR | E61: Bacillus coahuilensis | F61: Bacteria | G61: inward proton pump | H61: inward proton pump | I61: 7ZMY | J61: X-ray | K61: 45839 | L61: Kovalev et al., NSMB, 2023 | N61: 7ZMY | O61: ISILHYGYSFIMLLGALYFYLLSKDPKGVPASEYLIAMVIPLWSGAAYLSIALGQGLFQYDDTTIYYARYIDWVISTPLLLAALALTAMFGGKKNLTLLFSLVALDVFMIITGFVADLSIGTTKYIWYSLGVIALIIILVITFGPLRRIALSNGTRLARHYTRVAIYLSALWVCYPTAWLLGPSGLGLAQELTEVLVFIILPIFSVGFSIVDLHGLRKLHQS | Q61: 222.0 | R61: ISILHYGYSFIMLLGALYFYLLSKDPKGVPASEYLIAMVIPLWSGAAYLSIALGQGLFQYDDTTIYYARYIDWVISTPLLLAALALTAMFGGKKNLTLLFSLVALDVFMIITGFVADLSIGTTKYIWYSLGVIALIIILVITFGPLRRIALSNGTRLARHYTRVAIYLSALWVCYPTAWLLGPSGLGLAQELTEVLVFIILPIFSVGFSIVDLHGLRKLHQS | U61: BcXeR | V61: BcXeR | W61: O5f94e204e | X61: TRUE | Y61: BcXeR | Z61: BcXeR | AA61: Proton pump | AB61: BcXeR_Bacillus coahuilensis
A62: 70 | B62: include | C62: C1C2 | D62: ChRWR, ChEF | E62: Chimera between CrChR1 and CrChR2 (Chlamydomonas reinhardtii) | F62: Synthetic | G62: cation channel | H62: non-selective cation channel | I62: 3UG9 | J62: X-ray | K62: 45718 | L62: Kato et al., Nature, 2012 | N62: 3UG9 | O62: RMLFQTSYTLENNGSVICIPNNGQCFCLAWLKSNGTNAEKLAANILQWITFALSALCLMFYCGWEEIYVATIEMIKFIIEYFHEFDEPAVIYSSNGNKTVWLRYAEWLLTCPVILIHLSNLTGLANDYNKRTMGLLVSDIGTIVWGTTAALSKGYVRVIFFLMGLCYGIYTFFNAAKVYIEAYHTVPKGRCRQVVTGMAWLFFVSWGMFPILFILGPEGFGVLSVYGSTVGHTIIDLMSKNCWGLLGHYLRVLIHEHILIHGDIRKTTKLIEVETLVEDE | P62: Q93WP2,Q8RUT8 | Q62: 280.0 | R62: RMLFQTSYTLENNGSVICIPNNGQCFCLAWLKSNGTNAEKLAANILQWITFALSALCLMFYCGWEEIYVATIEMIKFIIEYFHEFDEPAVIYSSNGNKTVWLRYAEWLLTCPVILIHLSNLTGLANDYNKRTMGLLVSDIGTIVWGTTAALSKGYVRVIFFLMGLCYGIYTFFNAAKVYIEAYHTVPKGRCRQVVTGMAWLFFVSWGMFPILFILGPEGFGVLSVYGSTVGHTIIDLMSKNCWGLLGHYLRVLIHEHILIHGDIRKTTKLIEVETLVEDE | U62: C1C2 | V62: C1C2 | W62: O19e2c6a0f | X62: TRUE | Y62: ChRWR_ChEF | Z62: ChRWR | AA62: Cation channel (non-selective) | AB62: C1C2_Chimera between CrChR1 and CrChR2 (Chlamydomonas reinhardtii)
A63: 71 | B63: include | C63: CrChR2 | D63: ChR2 | E63: Chlamydomonas reinhardtii | F63: Eukaryota | G63: cation channel | H63: non-selective cation channel | I63: 6EID | J63: X-ray | K63: 45718 | L63: Volkov et al., Science, 2017 | N63: 6EID | O63: EDQCYCAGWIESRGTNGAQTASNVLQWLAAGFSILLLMFYAYQTWKSTCGWEEIYVCAIEMVKVILEFFFEFKNPSMLYLATGHRVQWLRYAEWLLTCPVILIHLSNLTGLSNDYSRRTMGLLVSDIGTIVWGATSAMATGYVKVIFFCLGLCYGANTFFHAAKAYIEGYHTVPKGRCRQVVTGMAWLFFVSWGMFPILFILGPEGFGVLSVYGSTVGHTIIDLMSNCWGLLGHYLRVLIHEHILIHGDI | P63: Q8RUT8 | Q63: 250.0 | R63: EDQCYCAGWIESRGTNGAQTASNVLQWLAAGFSILLLMFYAYQTWKSTCGWEEIYVCAIEMVKVILEFFFEFKNPSMLYLATGHRVQWLRYAEWLLTCPVILIHLSNLTGLSNDYSRRTMGLLVSDIGTIVWGATSAMATGYVKVIFFCLGLCYGANTFFHAAKAYIEGYHTVPKGRCRQVVTGMAWLFFVSWGMFPILFILGPEGFGVLSVYGSTVGHTIIDLMSNCWGLLGHYLRVLIHEHILIHGDI | U63: CrChR2 | V63: CrChR2 | W63: O97e0f3d51 | X63: TRUE | Y63: ChR2 | Z63: ChR2 | AA63: Cation channel (non-selective) | AB63: CrChR2_Chlamydomonas reinhardtii
A64: 72 | B64: include | C64: Chrimson | D64: CnChR1 | E64: Chlamydomonas noctigama | F64: Eukaryota | G64: cation channel | H64: proton-selective cation channel | I64: 5ZIH | J64: X-ray | K64: 45810 | L64: Oda et al., Nat Commun., 2018 | N64: 5ZIH | O64: LFQTSYTLENNGSVICIPNNGQCFCLAWLHSRGTPGEKIGAQVCQWIAFSIAIALLTFYGFSATCGWEEVYVCCVEVLFVTLEIFKEFSSPATVYLSTGNHAYCLRYFEWLLSCPVILIKLSNLSGLKNDYSKRTMGLIVSCVGMIVFGMAAGLATDWLKWLLYIVSCIYGGYMYFQAAKCYVEANHSVPKGHCRMVVKLMAYAYFASWGSYPILWAVGPEGLLKLSPYANSIGHSICDIIAEFWTFLAHHLRIKIHEHILIHGDIRKTTKMEIGGEEVEVEEF | P64: Q8L435 | Q64: 284.0 | R64: LFQTSYTLENNGSVICIPNNGQCFCLAWLHSRGTPGEKIGAQVCQWIAFSIAIALLTFYGFSATCGWEEVYVCCVEVLFVTLEIFKEFSSPATVYLSTGNHAYCLRYFEWLLSCPVILIKLSNLSGLKNDYSKRTMGLIVSCVGMIVFGMAAGLATDWLKWLLYIVSCIYGGYMYFQAAKCYVEANHSVPKGHCRMVVKLMAYAYFASWGSYPILWAVGPEGLLKLSPYANSIGHSICDIIAEFWTFLAHHLRIKIHEHILIHGDIRKTTKMEIGGEEVEVEEF | U64: Chrimson | V64: Chrimson | W64: Obeb84a16a | X64: TRUE | Y64: CnChR1 | Z64: CnChR1 | AA64: Cation channel (proton-selective) | AB64: Chrimson_Chlamydomonas noctigama
A65: 73 | B65: include | C65: OLPVR1 | E65: Organic Lake phycodnavirus | F65: Virus | G65: cation channel | H65: non-selective cation channel?? | I65: 7AKY | J65: X-ray | K65: 45748 | L65: Zabelskii et al., Nat Commun., 2020 | N65: 7AKY | O65: DNIIMTAYISIFVQIITAIISVYGLFIPLNFKDIILREILILELIVQIIEFIFYIWLIITLQSINEDITYVRYFDWVLTTPVMLLTTVYFFEYMNSDDGIRKKEINDRDYVYLFYICLSNFFMLLIGYLGETKQINKMLTLFGGSFFLFLTFYLLYVKYTKENWMNYIVFYFMFLVWFLYGFAFMFPFSIKNQMYNILDIVSNIYSIFIFIVILNQSYKLLL | P65: F2Y337 | Q65: 222.0 | R65: DNIIMTAYISIFVQIITAIISVYGLFIPLNFKDIILREILILELIVQIIEFIFYIWLIITLQSINEDITYVRYFDWVLTTPVMLLTTVYFFEYMNSDDGIRKKEINDRDYVYLFYICLSNFFMLLIGYLGETKQINKMLTLFGGSFFLFLTFYLLYVKYTKENWMNYIVFYFMFLVWFLYGFAFMFPFSIKNQMYNILDIVSNIYSIFIFIVILNQSYKLLL | U65: OLPVR1 | V65: OLPVR1 | W65: O399cbde7c | X65: TRUE | Y65: OLPVR1 | Z65: OLPVR1 | AA65: Cation channel (non-selective) | AB65: OLPVR1_Organic Lake phycodnavirus
A66: 74 | B66: include | C66: KnChR | E66: Klebsormidium nitens | F66: Eukaryota | G66: cation channel | H66: non-selective cation channel | I66: XXXX | J66: cryo-EM | L66: not uploaded yet??? | R66: MTVDAHSTVDAHSTVTDSHSAGNGTESCYVADFLGMHHESHEGALYSVYKSLEWGCFLISIGLFVFYLQQYRKKTAGWEVIYIAFIESFKYIFEIFWPHNNPAQLNIYGVNKSVPWVRYMEWMITCPVILMALSNISGEEGEYTHRSMQLLATDQGAILCAITAAASEGAISAVFYAIGVCYGICTFYFCLQIYIEAYFTLPETCHSAVKWMAVIFYAGWLCYPCFFLAGSEGWGNLSYEGSAIGHCIADLLSENAWGVMHWWIRCQLEEYK | U66: KnChR | V66: KnChR | W66: O5f6a97035 | X66: FALSE | Y66: KnChR | Z66: KnChR | AA66: Cation channel (non-selective) | AB66: KnChR_Klebsormidium nitens
A67: 75 | B67: include | C67: TsChR | E67: Tetraselmis striata | F67: Eukaryota | G67: cation channel | H67: non-selective cation channel | I67: XXXX | J67: cryo-EM | L67: manuscript in preparation | R67: MFAINPEYMNETVLLDECTPIYLDIGPLWEQVVARVTQWFGVILSLVFLIYYIWNTYKATCGWEELYVCTVEFCKIIIELYFEYTPPAMIFQTNGQVTPWLRYAEWLLTCPVILIHLSNITGLNDDYSGRTMSLITSDLGGICMAVTAALSKGWLKALFFVIGCGYGASTFYNAACIYIESYYTMPQGICRRLVLWMAGVFFTSWFMFPGLFLAGPEGTQALSWAGTTIGHTVADLLSKNAWGMIGHFLRVEIHKHIIIHGDVRRPVTVKALGRQVSVNCFVDKEEEEEDERI | U67: TsChR | V67: TsChR | W67: Obf13677c6 | X67: FALSE | Y67: TsChR | Z67: TsChR | AA67: Cation channel (non-selective) | AB67: TsChR_Tetraselmis striata
A68: 76 | B68: include | C68: CoChR | E68: Chloromonas oogama | F68: Eukaryota | G68: cation channel | H68: non-selective cation channel | I68: XXXX | J68: cryo-EM | L68: manuscript in preparation | R68: MLGNGSAIVPIDQCFCLAWTDSLGSDTEQLVANILQWFAFGFSILILMFYAYQTWRATCGWEEVYVCCVELTKVIIEFFHEFDDPSMLYLANGHRVQWLRYAEWLLTCPVILIHLSNLTGLKDDYSKRTMRLLVSDVGTIVWGATSAMSTGYVKVIFFVLGCIYGANTFFHAAKVYIESYHVVPKGRPRTVVRIMAWLFFLSWGMFPVLFVVGPEGFDAISVYGSTIGHTIIDLMSKNCWGLLGHYLRVLIHQHIIIYGDIRKKTKINVAGEEMEVETMVDQEDEETV | U68: CoChR | V68: CoChR | W68: Oefdf6b4ff | X68: FALSE | Y68: CoChR | Z68: CoChR | AA68: Cation channel (non-selective) | AB68: CoChR_Chloromonas oogama
A69: 77 | B69: include | C69: ChroME2s | F69: Synthetic | G69: cation channel | H69: non-selective cation channel | I69: XXXX | J69: cryo-EM | L69: manuscript in preparation | R69: METAATMTHAFISAVPSAEATIRGLLSAAAVVTPAADAHGETSNATTAGADHGCFPHINHGTELQHKIAVGLQWFTVIVAIVQLIFYGWHSFKATTGWEEVYVCVIELVKCFIELFHEVDSPATVYQTNGGAVIWLRYSEWLLTCPVILIHLSNLTGLHEEYSKRTMTILVTDIGNIVWGITAAFTKGPLKILFFMIGLFYGVTCFFQIAKVYIESYHTLPKGVCRKICKIMAYVFFCSWLMFPVMFIAGHEGLGLITPYTSGIGHLILDLIAKNTWGFLGHHLRVKIHEHILIHGDIRKTTTINVAGENMEIETFVDEEEEGGVAAAPV | U69: ChroME2s | V69: ChroME2s | W69: O8a4fbf69b | X69: FALSE | Y69: ChroME2s | Z69: ChroME2s | AA69: Cation channel (non-selective) | AB69: ChroME2s_nan
A70: 78 | B70: include | C70: bReaChES | F70: Synthetic | G70: cation channel | H70: non-selective cation channel | I70: XXXX | J70: cryo-EM | L70: manuscript in preparation | R70: MDYGGALSAVGLFQTSYTLENNGSVICIPNNGQCFCLAWLKSNGTNAEKLAANILQWVVFALSVACLGWYAYQAWRATCGWEEVYVALIEMMKSIIEAFHEFDSPATLWLSSGNGVVWMRYGSWLLTCPVILIHLSNLTGLKDDYSKRTMGLLVSDVGCIVWGATSAMCTGWTKILFFLISLSYGMYTYFHAAKVYIEAFHTVPKGLCRQLVRAMAWLFFVSWGMFPVLFLLGPEGFGHISPYGSAIGHSILDLIAKNMWGVLGNYLRVKIHEHILLYGDIRKKQKITIAGQEMEVETLVAEEEDAAAKSRITSEGEYIPLDQIDINVGAPG | U70: bReaChES | V70: bReaChES | W70: O3b3277cc0 | X70: FALSE | Y70: bReaChES | Z70: bReaChES | AA70: Cation channel (non-selective) | AB70: bReaChES_nan
A71: 79 | B71: include | C71: CnChR2 | E71: Chlamydomonas noctigama | F71: Eukaryota | G71: cation channel | H71: non-selective cation channel | I71: XXXX | J71: cryo-EM | L71: manuscript in preparation | R71: MEPVLGLASTAVRELTAGGSGNPYESYKPPEDPCALTPFGCLTNFWCDPQFGLADAKYDYCYVKAAYGELAIVETSRLPWLYSHGSDAEHQGALAMQWMAFALCIICLVFYAYHSWKATTGWEEVYVCVVELVKVLLEIYKEFESPASIYLPTANAALWLRYGEWLLTCPVILIHLSNITGLKDDYNKRTMQLLVSDIGCVVWGITAAFSVGWLKWVFFVLGLLYGSNTYFHAAKVYIESYHTVPKGHCRLIVRLMAYCFYVAWTMYPILFILGPEGLGHMSAYMSTALHGVADMLSKQIWGLLGHHLRVKIFEHILIHGDIRKTTTMQVGGQMVQVEEMVDEEDEDTI | U71: CnChR2 | V71: CnChR2 | W71: Obae8eab0e | X71: FALSE | Y71: CnChR2 | Z71: CnChR2 | AA71: Cation channel (non-selective) | AB71: CnChR2_Chlamydomonas noctigama
A72: 80 | B72: include | C72: ChRmine | E72: Rhodomonas lens | F72: Eukaryota | G72: cation channel | H72: monovalent-selective cation channel | I72: 7W9W | J72: cryo-EM | K72: 2.0 | L72: Kishi et al., Cell, 2022 | N72: 7W9W | O72: MFYVGTMDGWYLDTKLNSVAIGAHWSCFIVLTITTFYLGYESWTSRGPSKRTSFYAGYQEEQNLALFVNFFAMLSYFGKIVADTLGHNFGDVGPFIIGFGNYRYADYMLTCPMLVYDLLYQLRAPYRVSCSAIIFAILMSGVLAEFYAEGDPRLRNGAYAWYGFGCFWFIFAYSIVMSIVAKQYSRLAQLAQDTGAEHSLHVLKFAVFTFSMLWILFPLVWAICPRGFGWIDDNWTEVAHCVCDIVAKSCYGFALARFRKTYDEELFRLL | Q72: 270.0 | R72: MFYVGTMDGWYLDTKLNSVAIGAHWSCFIVLTITTFYLGYESWTSRGPSKRTSFYAGYQEEQNLALFVNFFAMLSYFGKIVADTLGHNFGDVGPFIIGFGNYRYADYMLTCPMLVYDLLYQLRAPYRVSCSAIIFAILMSGVLAEFYAEGDPRLRNGAYAWYGFGCFWFIFAYSIVMSIVAKQYSRLAQLAQDTGAEHSLHVLKFAVFTFSMLWILFPLVWAICPRGFGWIDDNWTEVAHCVCDIVAKSCYGFALARFRKTYDEELFRLL | U72: ChRmine | V72: ChRmine | W72: Oc71658a15 | X72: TRUE | Y72: ChRmine | Z72: ChRmine | AA72: Cation channel (monovalent-selective) | AB72: ChRmine_Rhodomonas lens
A73: 81 | B73: include | C73: CapChR2 | F73: Eukaryota | G73: cation channel | H73: cation channel with high calcium permeability | I73: XXXX | J73: cryo-EM | L73: manuscript in preparation | R73: MLGNGSAIVPIDQCFCLAWTDSLGSDTEQLVANILQWFAFGFDILILMFYAYQTWRATCGWEEVYVCCVELTKVIIEFFHEFDDPSMLYLANGHRVQWLRYAEWLLTCPVICIHLSNLTGLKDDYSKRTMRLLVSDVGCIVWGATSAMSTGYVKVIFFVLGCIYGANTFFHAAKVYIESYHVVPKGRPRTVVRIMAWLFFLSWGMFPVLFVVGPEGFDAISVYGSTIGHTIIDLMSKECWGLLGHYLRVLIHQHIIIYGDIRKKTKINVAGEEMEVETMVDQEDEETV | U73: CapChR2 | V73: CapChR2 | W73: Ob25d6274f | X73: FALSE | Y73: CapChR2 | Z73: CapChR2 | AA73: Cation channel | AB73: CapChR2_nan
A74: 82 | B74: include | C74: GtCCR2 | E74: Guillardia theta | F74: Eukaryota | G74: cation channel | H74: monovalent-selective cation channel?? | I74: 8YEJ | J74: cryo-EM | K74: 45902 | L74: Tanaka et al., Mol Cell., 2024 | N74: 8YEJ | O74: ASSAVITANWISFLAISASFIILLVISLRYKGPGGTESFYNGFKEQNMLTVFINLWCALAYFAKVLQSHSNDNGFAPLTVIPYVDYCTTCPLLTLDLLWCLDAPYKISSAVLVFTCLVIAVACSLAVAPFSYCWFAMGMVLFTFTYVFILSIVRQRLDFFTLCARDSNAKQSLKHLKTAVFIYFGIWLLFPLLWLLSYRAANVISNDINHIFHCILDVIAKSVYGFALLYFKMYFDKKLI | P74: L1K1K8 | Q74: 240.0 | R74: ASSAVITANWISFLAISASFIILLVISLRYKGPGGTESFYNGFKEQNMLTVFINLWCALAYFAKVLQSHSNDNGFAPLTVIPYVDYCTTCPLLTLDLLWCLDAPYKISSAVLVFTCLVIAVACSLAVAPFSYCWFAMGMVLFTFTYVFILSIVRQRLDFFTLCARDSNAKQSLKHLKTAVFIYFGIWLLFPLLWLLSYRAANVISNDINHIFHCILDVIAKSVYGFALLYFKMYFDKKLI | U74: GtCCR2 | V74: GtCCR2 | W74: O2604f4196 | X74: TRUE | Y74: GtCCR2 | Z74: GtCCR2 | AA74: Cation channel (monovalent-selective) | AB74: GtCCR2_Guillardia theta
A75: 83 | B75: include | C75: GtCCR4 | E75: Guillardia theta | F75: Eukaryota | G75: cation channel | H75: monovalent-selective cation channel?? | I75: 8YEL | J75: cryo-EM | K75: 45840 | L75: Tanaka et al., Mol Cell., 2024 | N75: 8YEL | O75: APSLSDPNWQYGMGGWNNPRLPNFNLHDPTVIGVDWLGFLCLLGASLALMYKLMSFKGPDGDQEFFVGYREEKCLSIYVNLIAAITYWGRICAHFNNDMGLSLSVNYFKYLDYIFTCPILTLDLLWSLNLPYKITYSLFVGLTIACGVFCNAFEPPARYLWFMFGCFIFAFTWISIIRLVYARFQQFLNKIRAPLKLSLTLYFSIWCGYPALWLLTEFGAISQLAAHVTTVIMDVAAKSVYGFALLKFQLGVDKRDVWLDELKSV | P75: A0A3G1I4H9 | Q75: 265.0 | R75: APSLSDPNWQYGMGGWNNPRLPNFNLHDPTVIGVDWLGFLCLLGASLALMYKLMSFKGPDGDQEFFVGYREEKCLSIYVNLIAAITYWGRICAHFNNDMGLSLSVNYFKYLDYIFTCPILTLDLLWSLNLPYKITYSLFVGLTIACGVFCNAFEPPARYLWFMFGCFIFAFTWISIIRLVYARFQQFLNKIRAPLKLSLTLYFSIWCGYPALWLLTEFGAISQLAAHVTTVIMDVAAKSVYGFALLKFQLGVDKRDVWLDELKSV | U75: GtCCR4 | V75: GtCCR4 | W75: O6161ba550 | X75: TRUE | Y75: GtCCR4 | Z75: GtCCR4 | AA75: Cation channel (monovalent-selective) | AB75: GtCCR4_Guillardia theta
A76: 84 | B76: include | C76: HcCCR | E76: Hyphochytrium catenoides | F76: Eukaryota | G76: cation channel | H76: cation channel with high sodium permeability | I76: 8GI9 | J76: cryo-EM | K76: 45871 | L76: Morizumi et al., Nat Commun., 2023 | N76: 8GI9 | O76: IHDMDYPLLGAMAAICSVFIGGSGAWMLYRLDLGLGYSCKPHHSGYAPEANSFSALSCLVSGTIYAAKTFDFFDGGGTPFSFNWYWYLDYVFTCPLILLDVLYTLEIPHKLRFVFAVIITLWCGVAAFVTPSAFRFGYYAVGCVWFVPFSFSLLRHVKQRYQVYPPKCQKLLFWACTIFFGFWPLFPILFLFSWLGTGHIDQQAFTIIHAFLDLFCKTVFGLIMTFFRLELEEHTEVLGL | Q76: 240.0 | R76: IHDMDYPLLGAMAAICSVFIGGSGAWMLYRLDLGLGYSCKPHHSGYAPEANSFSALSCLVSGTIYAAKTFDFFDGGGTPFSFNWYWYLDYVFTCPLILLDVLYTLEIPHKLRFVFAVIITLWCGVAAFVTPSAFRFGYYAVGCVWFVPFSFSLLRHVKQRYQVYPPKCQKLLFWACTIFFGFWPLFPILFLFSWLGTGHIDQQAFTIIHAFLDLFCKTVFGLIMTFFRLELEEHTEVLGL | U76: HcCCR | V76: HcCCR | W76: O2cb3d682d | X76: TRUE | Y76: HcCCR | Z76: HcCCR | AA76: Cation channel | AB76: HcCCR_Hyphochytrium catenoides
A77: 85 | B77: include | C77: HcKCR1 | E77: Hyphochytrium catenoides | F77: Eukaryota | G77: cation channel | H77: potassium-selective cation channel | I77: 8H86 | J77: cryo-EM | K77: 45810 | L77: Tajima et al., Cell, 2023 | N77: 8H86 | O77: SRPPEGWPKGSINDMDYPLLGSICAVCCVFVAGSGIWMLYRLDLGMGYSCKPYKSGRAPEVNSLSGIICLLCGTMYAAKSFDFFDGGGTPFSLNWYWYLDYVFTCPLLILDFAFTLDLPHKIRYFFAVFLTLWCGVAAFVTPSAYRFAYYALGCCWFTPFALSLMRHVKERYLVYPPKCQRWLFWACVIFFGFWPMFPILFIFSWLGTGHISQQAFYIIHAFLDLTCKSIFGILMTVFRLELEEHTEVQGLPLNE | Q77: 255.0 | R77: SRPPEGWPKGSINDMDYPLLGSICAVCCVFVAGSGIWMLYRLDLGMGYSCKPYKSGRAPEVNSLSGIICLLCGTMYAAKSFDFFDGGGTPFSLNWYWYLDYVFTCPLLILDFAFTLDLPHKIRYFFAVFLTLWCGVAAFVTPSAYRFAYYALGCCWFTPFALSLMRHVKERYLVYPPKCQRWLFWACVIFFGFWPMFPILFIFSWLGTGHISQQAFYIIHAFLDLTCKSIFGILMTVFRLELEEHTEVQGLPLNE | U77: HcKCR1 | V77: HcKCR1 | W77: Od8d174bad | X77: TRUE | Y77: HcKCR1 | Z77: HcKCR1 | AA77: Cation channel (K+) | AB77: HcKCR1_Hyphochytrium catenoides
A78: 86 | B78: include | C78: HcKCR2 | E78: Hyphochytrium catenoides | F78: Eukaryota | G78: cation channel | H78: potassium-selective cation channel | I78: 8H87 | J78: cryo-EM | K78: 45779 | L78: Tajima et al., Cell, 2023 | N78: 8H87 | O78: PFYDSRPPEGWPRGSVNDMDYPLLGSICAISAIAIAGSGIWMLYRLDLGMGYSCKPYKSGRAPEVNSISGIVCLLCGTMYAAKSFDFFDGGGTPFSLNWYWYLDYVFTCPLLIVDFAFTLDIPQKLRYSIAVFVALWCAVAAFATPSAFRFAYYALGCCWFIPLSLFLIRDVKKRYQVYPPKCQRLLFWACVVFFGFWPLFPLLFIFSWQGSGHISRQAYYIIHAFLDLVCKSIFGFLMTFFRLELEEHTEVQGLPLKE | Q78: 259.0 | R78: PFYDSRPPEGWPRGSVNDMDYPLLGSICAISAIAIAGSGIWMLYRLDLGMGYSCKPYKSGRAPEVNSISGIVCLLCGTMYAAKSFDFFDGGGTPFSLNWYWYLDYVFTCPLLIVDFAFTLDIPQKLRYSIAVFVALWCAVAAFATPSAFRFAYYALGCCWFIPLSLFLIRDVKKRYQVYPPKCQRLLFWACVVFFGFWPLFPLLFIFSWQGSGHISRQAYYIIHAFLDLVCKSIFGFLMTFFRLELEEHTEVQGLPLKE | U78: HcKCR2 | V78: HcKCR2 | W78: Ob66609a1c | X78: TRUE | Y78: HcKCR2 | Z78: HcKCR2 | AA78: Cation channel (K+) | AB78: HcKCR2_Hyphochytrium catenoides
A79: 87 | B79: include | C79: B1ChR2 | E79: Bilabrum sp. | F79: Eukaryota | G79: cation channel | H79: potassium-selective cation channel | I79: 8JXO | J79: cryo-EM | K79: 45840 | L79: Zhang et al., bioRxiv, 2023 | N79: 8JXO | O79: SECCELCVCQKEPGTFGALIAVNTITAIILVAAGAYMAWKTAAGLGWNTRPHGPEGPPEENWLSPGISILCGVMYAFKAIDWASYNDTGESTAFSLNQVWYSDYLITCPLLVLDFCITVNLRYKLVFSSSIACLLAIAVSTFIVDAPYRYYMYGIGLAGFICAGYALWNEINAQREKIPDSAWWYLSAGRLIFFAGWPFFPLLWTLSFHTSGVINEEWYFILHAILDILCKAVFGFFMLGFRLELEELDFKAIEAEQAKLEG | Q79: 262.0 | R79: SECCELCVCQKEPGTFGALIAVNTITAIILVAAGAYMAWKTAAGLGWNTRPHGPEGPPEENWLSPGISILCGVMYAFKAIDWASYNDTGESTAFSLNQVWYSDYLITCPLLVLDFCITVNLRYKLVFSSSIACLLAIAVSTFIVDAPYRYYMYGIGLAGFICAGYALWNEINAQREKIPDSAWWYLSAGRLIFFAGWPFFPLLWTLSFHTSGVINEEWYFILHAILDILCKAVFGFFMLGFRLELEELDFKAIEAEQAKLEG | U79: B1ChR2 | V79: B1ChR2 | W79: Oc7b6307ea | X79: TRUE | Y79: B1ChR2 | Z79: B1ChR2 | AA79: Cation channel (K+) | AB79: B1ChR2_Bilabrum sp.
A80: 88 | B80: include | C80: GtACR1 | E80: Guillardia theta CCMP2712 | F80: Eukaryota | G80: anion channel | H80: non-selective anion channel | I80: 6CSM | J80: X-ray | K80: 45902 | L80: Kim et al., Nature, 2018 | N80: 6CSM | O80: ITCDPAIYGEWSRENQFCVEKSLITLDGIKYVQLVMAVVSACQVFFMVTRAPKVPWEAIYLPTTEMITYSLAFTGNGYIRVANGKYLPWARMASWLCTCPIMLGLVSNMALVKYKSIPLNPMMIAASSICTVFGITASVVLDPLHVWLYCFISSIFFIFEMVVAFAIFAITIHDFQTIGSPMSLKVVERLKLMRIVFYVSWMAYPILWSFSSTGACIMSENTSSVLYLLGDALCKNTYGILLWATTWGLLNGKWDRDYVKGRNVDGTLMPEYEQDLE | P80: L1J207 | Q80: 277.0 | R80: ITCDPAIYGEWSRENQFCVEKSLITLDGIKYVQLVMAVVSACQVFFMVTRAPKVPWEAIYLPTTEMITYSLAFTGNGYIRVANGKYLPWARMASWLCTCPIMLGLVSNMALVKYKSIPLNPMMIAASSICTVFGITASVVLDPLHVWLYCFISSIFFIFEMVVAFAIFAITIHDFQTIGSPMSLKVVERLKLMRIVFYVSWMAYPILWSFSSTGACIMSENTSSVLYLLGDALCKNTYGILLWATTWGLLNGKWDRDYVKGRNVDGTLMPEYEQDLE | U80: GtACR1 | V80: GtACR1 | W80: O7cf72b75d | X80: TRUE | Y80: GtACR1 | Z80: GtACR1 | AA80: Anion channel (non-selective) | AB80: GtACR1_Guillardia theta CCMP2712
A81: 89 | B81: include | C81: iC++ | F81: Synthetic | G81: anion channel | H81: non-selective anion channel | I81: 6CSN | J81: X-ray | K81: 45902 | L81: Kato et al., Nature, 2018 | N81: 6CSN | Q81: 281.0 | R81: LFQTSYTLENQGSVICIPNNGQCFCLAWLKSNGTNAEKLAANILQWISFALSALCLMFYGYTCGWENIYVATIQMIKFIIEYFHSFDEPAVIYSSNGNKTRWLRYASWLLTCPVILIHLSNLTGLANDYNKRTMGLLVSDIGTIVWGTTAALSKGYVRVIFFLMGLCYGIYTFFNAAKVYIEAYHTVPKGRCRQVVTGMAWLFFVSWGMFPILFILGPEGFGVLSRYGSNVGHTIIDLMSKQCWGLLGHYLRVLIHSHILIHGDIRKTTKLIEVETLVEDE | U81: iC++ | V81: iC | W81: Ofb67d07bc | X81: TRUE | Y81: iC++ | Z81: iC++ | AA81: Anion channel (non-selective) | AB81: iC_nan
A82: 90 | B82: include | C82: A1ACR1 | F82: Eukaryota | G82: anion channel | H82: non-selective anion channel | I82: XXXX | J82: cryo-EM | L82: manuscript in preparation | R82: MSYNESVWREDFAQVLLARPKGSGVVSQGVAGARLCVFSCSIALLCFYAFQWKIGRCNLHPIYVQFVTFCVYILSCFGTTDFLYIPVVDHAGVTFDLAIGRYLFWMMTCPVIISNVNILLNIMTPDDIELPQVTFMMVKDIVMIAFGVLAAMQQNITLKWIFNLASYFVFWLVADLIVLMNEKKKFFMVYERCWEWIFAVMIYFFCAQSLFIFLYAVGPPCFNIMGPDGDRIGHSVGDLFAKNLFGFFAWYVRFVVLDPHVKRIRGARAAAA | U82: A1ACR1 | V82: A1ACR1 | W82: Of6b7f6545 | X82: FALSE | Y82: A1ACR1 | Z82: A1ACR1 | AA82: Anion channel (non-selective) | AB82: A1ACR1_nan
A83: 91 | B83: include | C83: R2ACR | F83: Eukaryota | G83: anion channel | H83: non-selective anion channel | I83: XXXX | J83: cryo-EM | L83: manuscript in preparation | R83: MATFNSTWTTYGAWEAANPECAEKMHRSSDAVHVVQLTWAIVSFLQSMFMLSRFPRNAWEAVFLPLAETCLYGLASTGNGYVTMANGRTLPWGRMASWLATCPIIMNQINAVATVNFHGISLNRIQVCASILTIVMGVTASVTDEPPMQWAFFGLGTLCLIVEYVITTIIISAGVAKFQPYVEESETCRKAIGRLYLVRNMIFSTWAAFPIVWLLSPQGACVFGEDVVPLLYLIADALCKNVYGLIWYNTTWVLLGDGVWDPTKHVAKQAPALQQEMTANTSVIMAPAVIQETPC | U83: R2ACR | V83: R2ACR | W83: Oe3783959a | X83: FALSE | Y83: R2ACR | Z83: R2ACR | AA83: Anion channel (non-selective) | AB83: R2ACR_nan
A84: 92 | B84: include | C84: SmChR | F84: Eukaryota | G84: ion channel | H84: ion channel | I84: XXXX | J84: cryo-EM | L84: manuscript in preparation | R84: MDRVRRLQTETCDSVDWSDAHNIAQIAQGTLFLILAIWLIFANNAKVAVGQKAPLEQRHAVCATLSTAVALFSGFFNIMQLTGIDDFDIPGYSGGFVLQLARPVEWVLTCPILQLKLVVLAGARVPSYRRFMMPLLSAAVLLCGVAATFTEGALRYVWFTFGSIFCFIFYHNALQIGENSEGEESLLRGDSDYRRLTLLLIITWFPFPIWFILSPEGFNLVDSELVIEMGWVALNLLAKFSMIILGQRMKMSHQKKMEAARELYGMAPGDAVSGEALDQKALAESSTKGGRRMMDPADYGLGVGEDAE | U84: SmChR | V84: SmChR | W84: O9a4733218 | X84: FALSE | Y84: SmChR | Z84: SmChR | AA84: Ion channel | AB84: SmChR_nan
A85: 93 | B85: include | C85: sensory rhodopsin 2 | D85: NpSRII, pharaonis phoborhodopsin, ppR | E85: Natronomonas pharaonis | F85: Archaea | G85: regulation of transducer | H85: regulation of transducer | I85: 1JGJ | J85: X-ray | K85: 45749 | L85: Luecke et al., Science, 2001 | N85: 1JGJ | O85: MVGLTTLFWLGAIGMLVGTLAFAWAGRDAGSGERRYYVTLVGISGIAAVAYAVMALGVGWVPVAERTVFVPRYIDWILTTPLIVYFLGLLAGLDSREFGIVITLNTVVMLAGFAGAMVPGIERYALFGMGAVAFIGLVYYLVGPMTESASQRSSGIKSLYVRLRNLTVVLWAIYPFIWLLGPPGVALLTPTVDVALIVYLDLVTKVGFGFIALDAAA | P85: P42196 | Q85: 217.0 | R85: MVGLTTLFWLGAIGMLVGTLAFAWAGRDAGSGERRYYVTLVGISGIAAVAYAVMALGVGWVPVAERTVFVPRYIDWILTTPLIVYFLGLLAGLDSREFGIVITLNTVVMLAGFAGAMVPGIERYALFGMGAVAFIGLVYYLVGPMTESASQRSSGIKSLYVRLRNLTVVLWAIYPFIWLLGPPGVALLTPTVDVALIVYLDLVTKVGFGFIALDAAA | U85: sensory rhodopsin 2 | V85: sensory_rhodopsin_2 | W85: Oef5d07a27 | X85: TRUE | Y85: NpSRII | Z85: NpSRII | AA85: Regulation | AB85: sensory_rhodopsin_2_Natronomonas pharaonis
A86: 94 | B86: include | C86: ASR | D86: Anabaena Sensory Rhodopsin | E86: Nostoc sp. PCC 7120 = FACHB-418 | F86: Bacteria | G86: regulation of transducer | H86: regulation of transducer?? | I86: 1XIO | J86: X-ray | K86: 2.0 | L86: Vogeley et al., Science, 2004 | N86: 1XIO | O86: MNLESLLHWIYVAGMTIGALHFWSLSRNPRGVPQYEYLVAMFIPIWSGLAYMAMAIDIAHYARYIDWMVTTPLLLLSLSWTAMQFIKKDWTLIGFLMSTQIVVITSGLIADLSERDWVRYLWYICGVCAFLIILWGIWNPLRAKTRTQSSELANLYDKLVTYFTVLWIGYPIVWIIGPSGFGWINQTIDTFLFCLLPFFSKVGFSFLDLHGLRNLND | P86: Q8YSC4 | Q86: 217.0 | R86: MNLESLLHWIYVAGMTIGALHFWSLSRNPRGVPQYEYLVAMFIPIWSGLAYMAMAIDIAHYARYIDWMVTTPLLLLSLSWTAMQFIKKDWTLIGFLMSTQIVVITSGLIADLSERDWVRYLWYICGVCAFLIILWGIWNPLRAKTRTQSSELANLYDKLVTYFTVLWIGYPIVWIIGPSGFGWINQTIDTFLFCLLPFFSKVGFSFLDLHGLRNLND | U86: ASR | V86: ASR | W86: O1a3cf7bfb | X86: TRUE | Y86: Anabaena Sensory Rhodopsin | Z86: ASR | AA86: Regulation | AB86: ASR_Nostoc sp. PCC 7120 = FACHB-418
A87: 95 | B87: include | C87: RhPDE (TM domain) | E87: Salpingoeca rosetta | F87: Eukaryota | G87: regulation of phosphodiesterase | H87: regulation of phosphodiesterase | I87: 7CJ3 | J87: X-ray | K87: 45810 | L87: Ikuta et al., Nat. Commun., 2020 | N87: 7CJ3 | O87: ASTKEVQWQGIFMIIVWLCVMGSLIFFANPEASRRVFAKFSHLQSFYGATSVAFAFATGLDILAYVNAVSDEKRVLSGILAYVDGVACISYLSMATLNLYFLVDSTQGNPVWLMRYAEWIITCPTLLYWCGLASRADRSSVSDIATADALLLAGGALSSILPSWPAFFVFAGSFATYIYVMLHMWGMFGKAMQPDFQPPPPLPRHALHLLRCEIVMSWSIFPLVEFLRRQGYIDFQVGEAMNCVADYAAKVGLAMIMVNCNLEQ | P87: F2TZN0 | Q87: 264.0 | R87: ASTKEVQWQGIFMIIVWLCVMGSLIFFANPEASRRVFAKFSHLQSFYGATSVAFAFATGLDILAYVNAVSDEKRVLSGILAYVDGVACISYLSMATLNLYFLVDSTQGNPVWLMRYAEWIITCPTLLYWCGLASRADRSSVSDIATADALLLAGGALSSILPSWPAFFVFAGSFATYIYVMLHMWGMFGKAMQPDFQPPPPLPRHALHLLRCEIVMSWSIFPLVEFLRRQGYIDFQVGEAMNCVADYAAKVGLAMIMVNCNLEQ | U87: RhPDE (TM domain) | V87: RhPDE_TM_domain | W87: O3c52fc2e7 | X87: TRUE | Y87: RhPDE (TM domain) | Z87: SrRhPDE | AA87: Regulation | AB87: RhPDE_TM_domain_Salpingoeca rosetta
A88: 96 | B88: include | C88: Tara-RRB | D88: BestR, Bestrhodopsin | E88: Phaeocystis | F88: Eukaryota | G88: regulation of ion channel | H88: regulation of ion channel | I88: 7PL9 | J88: cryo-EM | K88: 45691 | L88: Rozenberg et al., NSMB, 2022 | N88: 7PL9 | O88: SDLNFAQVARDEGRRCLLMCVAFAIAIAHLYIYPALFGVRIVDQAEVPAEERTYFHHGWTAMLVIFFIEGVTVFLKVCSTRKTRWLEKAVLQKLDGNIGVLIGEYIVVAATYIIMGANLIPVFERSGRRVYAVRYMEWTIDACGLVYLDCRILFGMPFSKFRMLLVYSVLYMLFGLWAALASTWMWYAIFLSASWFFFGLVCYYYWTFHRQNPSPLQQFGRAPIKQAILVFVIVWWVLYGVLFMLCFQAPDVVPQWLEQLLWTGMDVVMKLSHTVVLMAWRETQWEIDAVVDRQKVEAGRAIAQLDHQRAIHERDLVRLRSRVYYFARVNKIFMREAGLCLVLCLAFVVALLHLPVYSEWFGVEVLDAEAVPHDELGFFHHGWTTMLVVFLIESITVLLKVWSTWHDPRLAENVAQQLSGNLGVLIAEYLVVGATYVILGYNLMPVFVVHRPGVASRRVYAVRYMEWAVDATGLIWLDCHCLFSRNFNEFRMAIVWTVAYMLFGLWSALASTWAWYWAFLLASWAAFLIVCLILVRFLRQDPYPHQPFGKTSVKPCILAFIIGWWVLYGILFMVCFQAPDAVPQWLEQFLWTGMDVVMKLSHTVVLMAWRTTEWNVCELHGRNSTNWTATPGLRVDLSSMVRLEGQLAQGLVTDVHRKGMMRSEDLAELKRLEESGFLQAQQHRNWESQTREMTFLAHGINHIAYDPRSWMKTLTAVRGRAPTSFLLWVVLIESSIVLALSKFFGESFDLGVSSGIHSLFGVLVSFLVVFRTQAAFKKWWSGRSAVSSLVQMSRTFAQQVCAYVKDEAYVNRMVRYSIATVVATRCHLRNTRIDPAMLLGVLKEEEIEELNRQKNLPFYTAWVIRSTLAEAVAEGACLPLHMAIENAIKAIEQSIADAERLLTPMPFTYVVHVRTFLFIYLMGLPFILVEDLGWLMLVAVSFLGYLMIGLENTAVQLENPFGTDCNHHPLDLYCLEVSQDLLHLLDLRASAKAQ | Q88: 994.0 | R88: SDLNFAQVARDEGRRCLLMCVAFAIAIAHLYIYPALFGVRIVDQAEVPAEERTYFHHGWTAMLVIFFIEGVTVFLKVCSTRKTRWLEKAVLQKLDGNIGVLIGEYIVVAATYIIMGANLIPVFERSGRRVYAVRYMEWTIDACGLVYLDCRILFGMPFSKFRMLLVYSVLYMLFGLWAALASTWMWYAIFLSASWFFFGLVCYYYWTFHRQNPSPLQQFGRAPIKQAILVFVIVWWVLYGVLFMLCFQAPDVVPQWLEQLLWTGMDVVMKLSHTVVLMAWRETQWEIDAVVDRQKVEAGRAIAQLDHQRAIHERDLVRLRSRVYYFARVNKIFMREAGLCLVLCLAFVVALLHLPVYSEWFGVEVLDAEAVPHDELGFFHHGWTTMLVVFLIESITVLLKVWSTWHDPRLAENVAQQLSGNLGVLIAEYLVVGATYVILGYNLMPVFVVHRPGVASRRVYAVRYMEWAVDATGLIWLDCHCLFSRNFNEFRMAIVWTVAYMLFGLWSALASTWAWYWAFLLASWAAFLIVCLILVRFLRQDPYPHQPFGKTSVKPCILAFIIGWWVLYGILFMVCFQAPDAVPQWLEQFLWTGMDVVMKLSHTVVLMAWRTTEWNVCELHGRNSTNWTATPGLRVDLSSMVRLEGQLAQGLVTDVHRKGMMRSEDLAELKRLEESGFLQAQQHRNWESQTREMTFLAHGINHIAYDPRSWMKTLTAVRGRAPTSFLLWVVLIESSIVLALSKFFGESFDLGVSSGIHSLFGVLVSFLVVFRTQAAFKKWWSGRSAVSSLVQMSRTFAQQVCAYVKDEAYVNRMVRYSIATVVATRCHLRNTRIDPAMLLGVLKEEEIEELNRQKNLPFYTAWVIRSTLAEAVAEGACLPLHMAIENAIKAIEQSIADAERLLTPMPFTYVVHVRTFLFIYLMGLPFILVEDLGWLMLVAVSFLGYLMIGLENTAVQLENPFGTDCNHHPLDLYCLEVSQDLLHLLDLRASAKAQ | S88: 349.0 | T88: 1.0 | U88: Tara-RRB | V88: Tara_RRB | W88: O3b4905d95 | X88: TRUE | Y88: BestR, Bestrhodopsin | Z88: Tara-RRB | AA88: Regulation | AB88: Tara_RRB_Phaeocystis
A89: 97 | B89: include | C89: OLPVRII | E89: Organic Lake phycodnavirus | F89: Virus | G89: unknown | H89: unknown? | I89: 6SQG | J89: X-ray | K89: 45901 | L89: Bratanov et al., Nat Commun., 2019 | N89: 6SQG | O89: MSDLIEYSFYLTYAFLMTTGTITFIEALRTKNESVRHILNLETCISVVAAFFYSNFIGKLEHINYEEINLNRYVDWAITTPIMLLVLVLAFRVNQTNKAMVKFSDFMIILGMNYGMLGTGYLGDIGVIHKTMGTVLGFLFFGGLFYKLNTLRTSNASNDLLYGAFFVLWALYGVFYQMEQLPRNVGYNVLDLFSKCFVGIYFWAFYAKIFTL | P89: F2Y2Z0 | Q89: 212.0 | R89: MSDLIEYSFYLTYAFLMTTGTITFIEALRTKNESVRHILNLETCISVVAAFFYSNFIGKLEHINYEEINLNRYVDWAITTPIMLLVLVLAFRVNQTNKAMVKFSDFMIILGMNYGMLGTGYLGDIGVIHKTMGTVLGFLFFGGLFYKLNTLRTSNASNDLLYGAFFVLWALYGVFYQMEQLPRNVGYNVLDLFSKCFVGIYFWAFYAKIFTL | U89: OLPVRII | V89: OLPVRII | W89: O30b5a6c0d | X89: TRUE | Y89: OLPVRII | Z89: OLPVRII | AA89: Unknown | AB89: OLPVRII_Organic Lake phycodnavirus
A90: 98 | B90: include | C90: O1O2 | F90: Synthetic | G90: unknown | H90: unknown? | I90: 7AKW | J90: X-ray | K90: 2.0 | L90: Zabelskii et al., Nat Commun., 2020 | N90: 7AKW | O90: MDNIIMTAYISIFVQIITAIISVYGLFIPLNFKDIILREILILELIVQIIEFIFYIWLIITLQSINEDITYVRYFDWVLTTPVMLLTTVYFFEYMNSDDGIRKKEINDRDYVYLFYICLSNFFMLLIGYLGETKQINKMLTLFGGSFFLFLTFYLLYVKYTKENWMNYLVFGAMFLLWALYGFAFMFPFSIKNQMYNILDIFSKNFVSIFFFIVILNQSYKLL | P90: F2Y337 | Q90: 223.0 | R90: MDNIIMTAYISIFVQIITAIISVYGLFIPLNFKDIILREILILELIVQIIEFIFYIWLIITLQSINEDITYVRYFDWVLTTPVMLLTTVYFFEYMNSDDGIRKKEINDRDYVYLFYICLSNFFMLLIGYLGETKQINKMLTLFGGSFFLFLTFYLLYVKYTKENWMNYLVFGAMFLLWALYGFAFMFPFSIKNQMYNILDIFSKNFVSIFFFIVILNQSYKLL | U90: O1O2 | V90: O1O2 | W90: O88f14d079 | X90: TRUE | Y90: O1O2 | Z90: O1O2 | AA90: Unknown | AB90: O1O2_nan
A91: 99 | B91: include | C91: middle rhodopsin | D91: HwMR | E91: Haloquadratum walsbyi DSM 16790 | F91: Archaea | G91: unknown | H91: unknown? | I91: 8WEW | J91: X-ray | K91: 45779 | L91: Yang, et al., Research Square, 2024 | N91: 8WEW | O91: TPGSEATWLWIGTIGMVLGTVYFAVRGRGSTDPEQQTYYIITTLIPAIAAAAYLAMATGLGVISMPIRGTEVIDIYWARYADWLLTTPLLIIDLALVAGARKQTLYKLIIIDAIMILGGLAGSMMQQGAVIRIVWWAVSTAAFIILLYYLLGELSERARSRSAETGIVFNRLRNITLGLWALYPIVWILGTGGGFGIIAVTTEIMLYVMLDIGTKIGFGAVLLESQDVLQAAS | P91: Q18DH5 | Q91: 233.0 | R91: TPGSEATWLWIGTIGMVLGTVYFAVRGRGSTDPEQQTYYIITTLIPAIAAAAYLAMATGLGVISMPIRGTEVIDIYWARYADWLLTTPLLIIDLALVAGARKQTLYKLIIIDAIMILGGLAGSMMQQGAVIRIVWWAVSTAAFIILLYYLLGELSERARSRSAETGIVFNRLRNITLGLWALYPIVWILGTGGGFGIIAVTTEIMLYVMLDIGTKIGFGAVLLESQDVLQAAS | U91: middle rhodopsin | V91: middle_rhodopsin | W91: O03f6a8412 | X91: TRUE | Y91: HwMR | Z91: HwMR | AA91: Unknown | AB91: middle_rhodopsin_Haloquadratum walsbyi DSM 16790
A92: 100 | B92: include | C92: TaHeR | E92: Thermoplasmatales archaeon SG8-52-1 | F92: Archaea | G92: HeR | H92: unknown | I92: 6IS6 | J92: X-ray | K92: 45749 | L92: Shihoya et al., Nature, 2019 | N92: 6IS6 | O92: NEEINFRKFRIFNGIMGVIHLIQVFLVLYLSNNFSLPITVNKPVYNEITNSISPVAETLFSIEIGPLVAMFLFISATAHILIATVLYYRYVQNLKNHMNPYRWFEYSISASFMIVIIAMLTTIYDLGTLLALFTLTAVMNLMGLMMELHNQTTQNTNWTSYIIGCIAGFVPWIVIFIPLISAESVPDFVIYIFISIAIFFNCFAINMYLQYKKIGKWKNYLHGEKVYIILSLVAKSALAWQVFAGTLRPM | P92: A0A151EDA9 | Q92: 250.0 | R92: NEEINFRKFRIFNGIMGVIHLIQVFLVLYLSNNFSLPITVNKPVYNEITNSISPVAETLFSIEIGPLVAMFLFISATAHILIATVLYYRYVQNLKNHMNPYRWFEYSISASFMIVIIAMLTTIYDLGTLLALFTLTAVMNLMGLMMELHNQTTQNTNWTSYIIGCIAGFVPWIVIFIPLISAESVPDFVIYIFISIAIFFNCFAINMYLQYKKIGKWKNYLHGEKVYIILSLVAKSALAWQVFAGTLRPM | U92: TaHeR | V92: TaHeR | W92: O045398c58 | X92: TRUE | Y92: TaHeR | Z92: TaHeR | AA92: Unknown | AB92: TaHeR_Thermoplasmatales archaeon SG8-52-1
A93: 101 | B93: include | C93: 48C12 | E93: Actinomycetes bacterium | F93: Bacteria | G93: HeR | H93: unknown | I93: 6SU3 | J93: X-ray | K93: 45778 | L93: Kovalev et al., PNAS, 2019 | N93: 6SU3 | O93: KPTVKEIKSLQNFNRIAGVFHLLQMLAVLALANDFALPMTGTYLNGPPGTTFSAPVVILETPVGLAVALFLGLSALFHFIVSSGNFFKRYSASLMKNQNIFRWVEYSLSSSVMIVLIAQICGIADIVALLAIFGVNASMILFGWLQEKYTQPKDGDLLPFWFGCIAGIVPWIGLLIYVIAPGSTSDVAVPGFVYGIIISLFLFFNSFALVQYLQYKGKGKWSNYLRGERAYIVLSLVAKSALAWQIFSGTLIPALE | P93: A0A2R4S913 | Q93: 256.0 | R93: KPTVKEIKSLQNFNRIAGVFHLLQMLAVLALANDFALPMTGTYLNGPPGTTFSAPVVILETPVGLAVALFLGLSALFHFIVSSGNFFKRYSASLMKNQNIFRWVEYSLSSSVMIVLIAQICGIADIVALLAIFGVNASMILFGWLQEKYTQPKDGDLLPFWFGCIAGIVPWIGLLIYVIAPGSTSDVAVPGFVYGIIISLFLFFNSFALVQYLQYKGKGKWSNYLRGERAYIVLSLVAKSALAWQIFSGTLIPALE | U93: 48C12 | V93: 48C12 | W93: O7f283e8ce | X93: TRUE | Y93: 48C12 | Z93: 48C12 | AA93: Unknown | AB93: 48C12_Actinomycetes bacterium
A94: 126 | B94: include | C94: BeRGC | D94: BeGC1, BeCyclOp | E94: Blastocladiella emersonii | F94: Eukaryota | G94: regulation of guanylyl cyclase | H94: regulation of guanylyl cyclase | L94: [Avelar 2014] (10.1016/j.cub.2014.04.009) | M94: MKDKDNNLRGACSSCNCPEYCFSPTSTLCDDCKCSVTKHPIVEQPLSRNGSFRSSGASLLPSPSSPNVKITSTVGLRSRKSESQANVRGSMISNSNSGSRSNNSGGAGGGSGGSSSSKGGSALANYQSAMSELWSWNMMLSTPSLKFLTVQFTTWIVLTTVGAIYTLFFHERQAYNRGWADIWYGYGAFGFGLGLSFAYMGFTGARNPEKKALSLCLLGVNFISFMSYIIIMLRLTPTIEGTMANPVEPARYLEWIATCPVLILLISEITQYPHDPYKVIVNDYALCLAGFVGAISAQQPWGDLAHFVSCLCFSYVVYSLWSCFTGAIDGETQCNVEKSGLRWIRFSTITTWSLFPITWFSYTSGLISFTVAEAGFSMIDIGAKVFLTLVLVNSTVEQAQNQKVDAITAIAEELENQINNCDAILQKMMPEGVLEQLKNGQATEAKEYESVTVFFSDITNFTVISSRTSTKDMMATLNKLWLEYDAIAKRWGVYKVETIGDAYLGVTGAPDVVPDHAERACNFAVDIIEMIKSFKTITGESINIRIGLNSGPVTAGVLGDLNPHWCLVGDTVNTASRMESTSKAGHIHISESTYHFIKSKFVTQPLDVMEVKGKGKMQTYWVLGRK | R94: MKDKDNNLRGACSSCNCPEYCFSPTSTLCDDCKCSVTKHPIVEQPLSRNGSFRSSGASLLPSPSSPNVKITSTVGLRSRKSESQANVRGSMISNSNSGSRSNNSGGAGGGSGGSSSSKGGSALANYQSAMSELWSWNMMLSTPSLKFLTVQFTTWIVLTTVGAIYTLFFHERQAYNRGWADIWYGYGAFGFGLGLSFAYMGFTGARNPEKKALSLCLLGVNFISFMSYIIIMLRLTPTIEGTMANPVEPARYLEWIATCPVLILLISEITQYPHDPYKVIVNDYALCLAGFVGAISAQQPWGDLAHFVSCLCFSYVVYSLWSCFTGAIDGETQCNVEKSGLRWIRFSTITTWSLFPITWFSYTSGLISFTVAEAGFSMIDIGAKVFLTLVLVNSTVEQAQNQKVDAITAIAEELENQINNCDAILQKMMPEGVLEQLKNGQATEAKEYESVTVFFSDITNFTVISSRTSTKDMMATLNKLWLEYDAIAKRWGVYKVETIGDAYLGVTGAPDVVPDHAERACNFAVDIIEMIKSFKTITGESINIRIGLNSGPVTAGVLGDLNPHWCLVGDTVNTASRMESTSKAGHIHISESTYHFIKSKFVTQPLDVMEVKGKGKMQTYWVLGRK | Y94: BeRGC | Z94: BeRGC
A95: 127 | B95: include | C95: CaRGC | D95: CaCyclOp | E95: Catenaria anguillulae | F95: Eukaryota | G95: regulation of guanylyl cyclase | H95: regulation of guanylyl cyclase | L95: [Gao 2015] (10.1038/ncomms9046) | M95: MKDKDNNLRGACSGCSCPEYCYSPTSTLCDDCKCSVTKHPIVEQPLTRNGSFRSSGASLLPSPSQPNIKVTGSSTASSNANMRNRQNNSLSVSNVRSTSSASSSNVSSPANSRPGSPSKQSALQQYQTNIADMWSWDMMLSTPSLKFLTGQFIMWAILTVAGAFYALFIQERQAYNRGWADIWYGYGAFGFGIGIAFSYMGFAGARNPEKKALSLCLLGVNIIAFSSYILIMLRLTPTIEGTLSNPVEPARYLEWIATCPVLILLISEITQADHNAWGVVFSDYALVVCGFFGAVLPPYPWGNLFNILSCAFFSFVVYSLWRSFTGAINGETPCNIEVNGLRWTRFSTVTTWTLFPLSWFAFTSGMLSFTMTEASFTMIDIGAKVFLTLVLVNSTVEQAQNQKVEAITAIAEELESQITNCDAILQKMMPEGVLEQLKNGQATEAKEYESVTVFFSDITNFTVISSRTSTKDMMATLNKLWLEYDAIAKRWGVYKVETIGDAYLGVTGAPEVVPDHADRAVNFALDIIEMIKTFKTATGESINIRIGLNSGPVTAGVLGDLNPHWCLVGDTVNTASRMESTSKAGHIHISDSTYQMIKGKFVTQPLDLMEVKGKGKMQTYWVTARK | R95: MKDKDNNLRGACSGCSCPEYCYSPTSTLCDDCKCSVTKHPIVEQPLTRNGSFRSSGASLLPSPSQPNIKVTGSSTASSNANMRNRQNNSLSVSNVRSTSSASSSNVSSPANSRPGSPSKQSALQQYQTNIADMWSWDMMLSTPSLKFLTGQFIMWAILTVAGAFYALFIQERQAYNRGWADIWYGYGAFGFGIGIAFSYMGFAGARNPEKKALSLCLLGVNIIAFSSYILIMLRLTPTIEGTLSNPVEPARYLEWIATCPVLILLISEITQADHNAWGVVFSDYALVVCGFFGAVLPPYPWGNLFNILSCAFFSFVVYSLWRSFTGAINGETPCNIEVNGLRWTRFSTVTTWTLFPLSWFAFTSGMLSFTMTEASFTMIDIGAKVFLTLVLVNSTVEQAQNQKVEAITAIAEELESQITNCDAILQKMMPEGVLEQLKNGQATEAKEYESVTVFFSDITNFTVISSRTSTKDMMATLNKLWLEYDAIAKRWGVYKVETIGDAYLGVTGAPEVVPDHADRAVNFALDIIEMIKTFKTATGESINIRIGLNSGPVTAGVLGDLNPHWCLVGDTVNTASRMESTSKAGHIHISDSTYQMIKGKFVTQPLDLMEVKGKGKMQTYWVTARK | Y95: CaRGC | Z95: CaRGC
A96: 128 | B96: include | C96: RgRGC1 | D96: RGC1 | E96: Rhizoclosmatium globosum | F96: Eukaryota | G96: regulation of guanylyl cyclase | H96: regulation of guanylyl cyclase | L96: [Broser 2020](10.1038/s41467-020-19375-8) | M96: MDDVQRGACENCNCTLYQVQTATKRCRGCNHGAIYHEAIVRAAAKSGKTNWKDKLQAAMAEKDNSGAVYYVFRNFVVWSVLTVSGFYLLGTGYRGPTFDRGIADEFYAYTAASFGIAVIYSYIAYANAQNNEKRNLGKVLCIVNFIAMSSYIMQYTRTTPAFTDYVGYPVDPSRFYEWLATCPILIYLIAEITDNHHMADTTASYDYSLIILGFIACFLKQPYSEWFACGSTIFFFYTIYGLMVMFNSAIAGRTGCKLDVNSLYYARFVTFLAWNSFATVWYIQRAQIVTYEQGEVLFCVSDIFAKVFLTFILVNATLE | R96: MDDVQRGACENCNCTLYQVQTATKRCRGCNHGAIYHEAIVRAAAKSGKTNWKDKLQAAMAEKDNSGAVYYVFRNFVVWSVLTVSGFYLLGTGYRGPTFDRGIADEFYAYTAASFGIAVIYSYIAYANAQNNEKRNLGKVLCIVNFIAMSSYIMQYTRTTPAFTDYVGYPVDPSRFYEWLATCPILIYLIAEITDNHHMADTTASYDYSLIILGFIACFLKQPYSEWFACGSTIFFFYTIYGLMVMFNSAIAGRTGCKLDVNSLYYARFVTFLAWNSFATVWYIQRAQIVTYEQGEVLFCVSDIFAKVFLTFILVNATLE | Y96: RgRGC1 | Z96: RgRGC1
A97: 129 | B97: include | C97: RgRGC2 | D97: RGC2 | E97: Rhizoclosmatium globosum | F97: Eukaryota | G97: regulation of guanylyl cyclase | H97: regulation of guanylyl cyclase | L97: [Broser 2020](10.1038/s41467-020-19375-8) | M97: MTDLQRGACGNCTCSVYQVQTGTKRCRGCNHGMVFHETIVKTAAKSGGKTDWKRKIEAAKAEKDQSGTVFYVYRNYAAWMVVTLFGFYQLANGHKGPTYERGFAIEAYAYTACCFGIAVIYSFIAFFNAQNNEKRDLGKVLCVVNFISMVSYLLQWTGYTVSYTDVYGHPTDPARFYEWISTCPILIYMIAEITDNHHLADNTASADYVLLVLGYSSTFLRQPFSEYAAISAATCFFFVVKGFSSMFDRAIEGKTNCKLDAGSLWNAKWVTILAWASFPLSFFTQRSGIVTYETGEMMFCVADIWSKVFLTFILVNATLE | R97: MTDLQRGACGNCTCSVYQVQTGTKRCRGCNHGMVFHETIVKTAAKSGGKTDWKRKIEAAKAEKDQSGTVFYVYRNYAAWMVVTLFGFYQLANGHKGPTYERGFAIEAYAYTACCFGIAVIYSFIAFFNAQNNEKRDLGKVLCVVNFISMVSYLLQWTGYTVSYTDVYGHPTDPARFYEWISTCPILIYMIAEITDNHHLADNTASADYVLLVLGYSSTFLRQPFSEYAAISAATCFFFVVKGFSSMFDRAIEGKTNCKLDAGSLWNAKWVTILAWASFPLSFFTQRSGIVTYETGEMMFCVADIWSKVFLTFILVNATLE | Y97: RgRGC2 | Z97: RgRGC2
A98: 130 | B98: include | C98: GpRGC2 | E98: Globomyces pollinis, pini | F98: Eukaryota | G98: regulation of guanylyl cyclase | H98: regulation of guanylyl cyclase | L98: [Broser 2023](10.1073/pnas.2310600120) | M98: MSTKPTWKQKVDDITNKDVVNTASLNTIQRNIYAWFMIIGVLAFYAVTKRQPKYDREESNMWYFYTASVFAIGVFFACIAYFSARTKEKKSLAMVLFWCDFIAMSTYLLSATRMTHALRDINGYPVEVARYVEWLSTCPVLILLIGEITKCPEIAAETMEYDYIMLILGFIGAVTREPISFFFQMVCMAYFALVIFGLNKMFTKAINGETGCTLDPNSLKSAKIFTLLSWNAFALNWFCVRYEIYSFATGEMLFGLSDICAKVLLTLILVNATVESAQNERVNALSTIASDMETELNNSDALLSKMMPQEILDQIKAGKATEAQEYDCVTIFFSDITNFTVISSQTSTKEMLATLNALWVEYDKIAKKWGMYKVETIGDAYLGVTGCPERVPDHAIRATQFSVDIMAMISQFKTAMGSSIAIRIGLNSGPITAGILGTENPHWCVVGDTVNTASRMESTSKPMMIHISESTQKLIAKSGIFNISEPDVLNIKGKGSMVTYWVHGRL | R98: MSTKPTWKQKVDDITNKDVVNTASLNTIQRNIYAWFMIIGVLAFYAVTKRQPKYDREESNMWYFYTASVFAIGVFFACIAYFSARTKEKKSLAMVLFWCDFIAMSTYLLSATRMTHALRDINGYPVEVARYVEWLSTCPVLILLIGEITKCPEIAAETMEYDYIMLILGFIGAVTREPISFFFQMVCMAYFALVIFGLNKMFTKAINGETGCTLDPNSLKSAKIFTLLSWNAFALNWFCVRYEIYSFATGEMLFGLSDICAKVLLTLILVNATVESAQNERVNALSTIASDMETELNNSDALLSKMMPQEILDQIKAGKATEAQEYDCVTIFFSDITNFTVISSQTSTKEMLATLNALWVEYDKIAKKWGMYKVETIGDAYLGVTGCPERVPDHAIRATQFSVDIMAMISQFKTAMGSSIAIRIGLNSGPITAGILGTENPHWCVVGDTVNTASRMESTSKPMMIHISESTQKLIAKSGIFNISEPDVLNIKGKGSMVTYWVHGRL | Y98: GpRGC2 | Z98: GpRGC2
A99: 131 | B99: include | C99: CfRhoPDE1 | E99: Choanoeca flexa | F99: Eukaryota | G99: regulation of phosphodiesterase | H99: regulation of phosphodiesterase | L99: [Sugiura 2020] (10.1021/acsomega.0c01113) | M99: MSKAMTMREEAALELKRKGKVKNVAIATTSEVQKQGFFMMAVWIATVSILWLFSNPEASEAVFEKHGQLRVMYGATSVAFAFATALDVLAYVNAVSDEKRVLSGVLAYVDGAACLSYAAMASLPLYFILDSHNGNPIWLMRYAEWLITCPTLLYWCGLATRGERGAVADIATGDAMLLAGGALSSILPGWPSYFVFMGSVAAFVYVMTHMWGLFSKAMQPDFSPAPPLPRTALNLMRWEIVLSWTCFPMIEYSRRYFGLDYQTGEALNSIIDYAAKVGLAMIMVNCNLEQINAIKVEQMQSAMSGMVKVMRKTNARVELDGMDDDVKGWLLNEYAGDDGEDEVKVSSKSKRNQKSINPEEISASALFSWDFCSLDKSEEDLVGICIRVFRELKMIEVFDLDESKLRRFILGVRSRYNKNPFHNWKHAVMVLHTCYLFITQVAAEFCTDLEVLALLFAALCHDCDHNGVNNAFHINSRSDLALLYNDQSVLENHHCYSGFDVLYDKGNNFLDVLSEGDFKRFRSLVIDCILGTDMAHHASKLGKLEEINRLGGFSNLAENDEQRAFVMVTLLHTSDLYNPIKPFHITKKWANRLQREFNQQVEVESQMGLPSLPFMKGQGELALAKGEVGFITFVIRPWYVQLTNAFPKIDFLMDNIDTNLDMWKSIVESHE | R99: MSKAMTMREEAALELKRKGKVKNVAIATTSEVQKQGFFMMAVWIATVSILWLFSNPEASEAVFEKHGQLRVMYGATSVAFAFATALDVLAYVNAVSDEKRVLSGVLAYVDGAACLSYAAMASLPLYFILDSHNGNPIWLMRYAEWLITCPTLLYWCGLATRGERGAVADIATGDAMLLAGGALSSILPGWPSYFVFMGSVAAFVYVMTHMWGLFSKAMQPDFSPAPPLPRTALNLMRWEIVLSWTCFPMIEYSRRYFGLDYQTGEALNSIIDYAAKVGLAMIMVNCNLEQINAIKVEQMQSAMSGMVKVMRKTNARVELDGMDDDVKGWLLNEYAGDDGEDEVKVSSKSKRNQKSINPEEISASALFSWDFCSLDKSEEDLVGICIRVFRELKMIEVFDLDESKLRRFILGVRSRYNKNPFHNWKHAVMVLHTCYLFITQVAAEFCTDLEVLALLFAALCHDCDHNGVNNAFHINSRSDLALLYNDQSVLENHHCYSGFDVLYDKGNNFLDVLSEGDFKRFRSLVIDCILGTDMAHHASKLGKLEEINRLGGFSNLAENDEQRAFVMVTLLHTSDLYNPIKPFHITKKWANRLQREFNQQVEVESQMGLPSLPFMKGQGELALAKGEVGFITFVIRPWYVQLTNAFPKIDFLMDNIDTNLDMWKSIVESHE | Y99: CfRhoPDE | Z99: CfRhoPDE
A100: 132 | B100: include | C100: HKR1 | D100: CrCop5, CrHKR1 | E100: Chlamydomonas reinhardtii | F100: Eukaryota | G100: regulation of histidine kinase | H100: regulation of histidine kinase | L100: [Tian 2018] (10.1186/s12915-018-0613-5) | M100: MPATSRRFGVLLYLLASYLICTSNLGDPELTAQFHAQADPNAYTWPMVAFGTAFGLNFITLLFERESAKFQLALLACYINFLAGFSDYMSWKGYAPIVRDSWGQGFQLLRTVMWLLTTPAMVYLLSIISDFSRLKVYSVMLADVLMITFGILAFLAYNKVMSILFYMVAWCLFAYVVHSMWSMFHASIAEARHDSSRVSLEVLRLFAVGLWFTFPVIWIVVKMGLVDIRTEEWTWCACDFLGKVMFSSSLLHGNFLTIEQRRLIAMRIVEEGNRIQVIQELKDLVEQKERFMSSMSHELRTPLNGIIGLSDALLVGSCGEINDQALKTITTIKTSGARLLNLINDILDAASMRKGKLTIKHEKVNLKRVVDDVIDLCQPLAKRGVKLVNDLRENVPFVLGDTGRIIQVFHNLIGNSCKFTHSGNISISAAVKDDEVEVAVADTGIGIPEDKFDQIFLAFEQVDMSVTRKYGGTGLGLNLVKQLVEAHGGRISVKSRENQGTTFYFTLKIHSEHPNEGQPQMTPTESVAAIPPPEHSQLATVRGTAPSAGGLPPSSSGATAGPRRAPSRRGSFTDKMLGALGAGMGGHHKKPPSETESRDGPYASNAGPGGGGNAGQGSAMVRRVSRDAHGSNPPNPKSVTAGPQVSGPMSLSDAAALMKGALKRKSSFRERGAKVRVLSVDDDPVNQLVIQNLLAPVGYEILQAMDGQEALKVLTEEERLPDVILLDVMMPGMSGYEVCRKLREMYPLSCIPVIMISAKSKEEHIVEGLAAGSNDYVVKPFGRQEILARIAAHLRFRDTVYQAGEIAGAIPGDVRPERVLLRGGANGGGLDLTPFLTGPARFTSLPPRIARGIEAGTTSTTLQMFESLTLLEVRLVNLGDLLASVPASDLLVALASLFHDLDTLLEQHGCYLLEGLDESHLIVSGLDNVGDQVLHALGLARSLIAAADTFALGGRRSKLHLAVGVHTGPAQGVLVGYSHPLIFFTGQLPAEVHMLQATCPPNCVHVSARVLESVAHSEREHFVPAGVMASGATTYLMKVGGWEGGGIVAASEATSRWSKAKRGMHDGLATDARRMRPIQLALLDMAQANPAFLVDIASAAHGAAGGGAGTSSDGQGERGGGGGGSEELSKLKREYESLERQMEEVSGEAARLQDLVDELEEQLLARSNTAAASTAATAAASQQAAVAAADAASLKAHVAELEGQLAEAARERNGLEAALAEMEQRLVATHAALATANHEAADRARAHTPAPQELPPHHPHSASRSHLHVLPQQNTPRVETASMAPSASGSEANFASGLSALGGGSLFGGGALMPRGAMPLGVPMRMPNLAALRAHAGDMRGLLDELGLGSLASRFEAEDVSPGLLPYLDDAAMRELGASSVGARLKLRLAAQALFM | R100: MPATSRRFGVLLYLLASYLICTSNLGDPELTAQFHAQADPNAYTWPMVAFGTAFGLNFITLLFERESAKFQLALLACYINFLAGFSDYMSWKGYAPIVRDSWGQGFQLLRTVMWLLTTPAMVYLLSIISDFSRLKVYSVMLADVLMITFGILAFLAYNKVMSILFYMVAWCLFAYVVHSMWSMFHASIAEARHDSSRVSLEVLRLFAVGLWFTFPVIWIVVKMGLVDIRTEEWTWCACDFLGKVMFSSSLLHGNFLTIEQRRLIAMRIVEEGNRIQVIQELKDLVEQKERFMSSMSHELRTPLNGIIGLSDALLVGSCGEINDQALKTITTIKTSGARLLNLINDILDAASMRKGKLTIKHEKVNLKRVVDDVIDLCQPLAKRGVKLVNDLRENVPFVLGDTGRIIQVFHNLIGNSCKFTHSGNISISAAVKDDEVEVAVADTGIGIPEDKFDQIFLAFEQVDMSVTRKYGGTGLGLNLVKQLVEAHGGRISVKSRENQGTTFYFTLKIHSEHPNEGQPQMTPTESVAAIPPPEHSQLATVRGTAPSAGGLPPSSSGATAGPRRAPSRRGSFTDKMLGALGAGMGGHHKKPPSETESRDGPYASNAGPGGGGNAGQGSAMVRRVSRDAHGSNPPNPKSVTAGPQVSGPMSLSDAAALMKGALKRKSSFRERGAKVRVLSVDDDPVNQLVIQNLLAPVGYEILQAMDGQEALKVLTEEERLPDVILLDVMMPGMSGYEVCRKLREMYPLSCIPVIMISAKSKEEHIVEGLAAGSNDYVVKPFGRQEILARIAAHLRFRDTVYQAGEIAGAIPGDVRPERVLLRGGANGGGLDLTPFLTGPARFTSLPPRIARGIEAGTTSTTLQMFESLTLLEVRLVNLGDLLASVPASDLLVALASLFHDLDTLLEQHGCYLLEGLDESHLIVSGLDNVGDQVLHALGLARSLIAAADTFALGGRRSKLHLAVGVHTGPAQGVLVGYSHPLIFFTGQLPAEVHMLQATCPPNCVHVSARVLESVAHSEREHFVPAGVMASGATTYLMKVGGWEGGGIVAASEATSRWSKAKRGMHDGLATDARRMRPIQLALLDMAQANPAFLVDIASAAHGAAGGGAGTSSDGQGERGGGGGGSEELSKLKREYESLERQMEEVSGEAARLQDLVDELEEQLLARSNTAAASTAATAAASQQAAVAAADAASLKAHVAELEGQLAEAARERNGLEAALAEMEQRLVATHAALATANHEAADRARAHTPAPQELPPHHPHSASRSHLHVLPQQNTPRVETASMAPSASGSEANFASGLSALGGGSLFGGGALMPRGAMPLGVPMRMPNLAALRAHAGDMRGLLDELGLGSLASRFEAEDVSPGLLPYLDDAAMRELGASSVGARLKLRLAAQALFM | Y100: HKR1 | Z100: HKR1
...

Sheet mo_exp_identity_UTedited6
A1: no | B1: remove | C1: opsin name | D1: other name | E1: source (species) | F1: Rhodopsin Type (Microbial) | G1: class (function) | H1: molecular_function | I1: PDB ID | J1: method | K1: resolution | L1: reference | M1: sequence | N1: pdb_id | O1: structure_sequence | P1: uniprot_id | Q1: length | R1: seq | S1: end | T1: start | U1: name | V1: protein | W1: protein_id | X1: experimentally_determined | Y1: display_name | Z1: short_name | AA1: molecular_function_normalized | AB1: full_protein
A2: 1 | B2: recommeded to remove | C2: BPR(duplicated with HOT75BPR-D97N) | E2: Uncultured marine bacteria (labeled 'Blue') | F2: Bacteria | H2: outward proton pump | M2: MGKLLLILGSAIALPSFAAAGGDLDISDTVGVSFWLVTAGMLAATVFFFVERDQVSAKWKTSLTVSGLITGIAFWHYLYMRGVWIDTGDTPTVFRYIDWLLTVPLQVVEFYLILAACTSVAASLFKKLLAGSLVMLGAGFAGEAGLAPVLPAFIIGMAGWLYMIYELYMGEGKAAVSTASPAVNSAYNAMMMIIVVGWAIYPAGYAAGYLMGGEGVYASNLNLIYNLADFVNKILFGLIIWNVAVKESSNA | N2: 4KLY | O2: GDLDISDTVGVSFWLVTAGLAATVFFFVERDQVSAKWKTSLTVSGLITGIAFWHYLYRGVWIDTGDTPTVFRYINWLLTVPLQVVEFYLILAACTSVAASLFKKLLAGSLVLGAGFAGEAGLAPVLPAFIIGAGWLYIYELYGEGKAAVSTASPAVNSAYNAIIVVGWAIYPAGYAAGYLVYASNLNLIYNLADFVNKILFGLIIWNVAVKESSNALEHHH | P2: Q9AFF7 | Q2: 221.0 | R2: GDLDISDTVGVSFWLVTAGLAATVFFFVERDQVSAKWKTSLTVSGLITGIAFWHYLYRGVWIDTGDTPTVFRYINWLLTVPLQVVEFYLILAACTSVAASLFKKLLAGSLVLGAGFAGEAGLAPVLPAFIIGAGWLYIYELYGEGKAAVSTASPAVNSAYNAIIVVGWAIYPAGYAAGYLVYASNLNLIYNLADFVNKILFGLIIWNVAVKESSNALEHHH | U2: Blue Proteorhodopsin | V2: Blue_Proteorhodopsin | W2: Ob26394f0f | X2: TRUE | Y2: BPR | Z2: BPR | AA2: Proton pump | AB2: Blue_Proteorhodopsin_Uncultured marine bacteria (labeled 'Blue')
A3: 2 | B3: include | C3: CrChR1 | E3: Chlamydomonas reinhardtii | F3: Eukaryota | G3: cation channel | H3: non-selective cation channel | M3: MSRRPWLLALALAVALAAGSAGASTGSDATVPVATQDGPDYVFHRAHERMLFQTSYTLENNGSVICIPNNGQCFCLAWLKSNGTNAEKLAANILQWITFALSALCLMFYGYQTWKSTCGWEEIYVATIEMIKFIIEYFHEFDEPAVIYSSNGNKTVWLRYAEWLLTCPVILIHLSNLTGLANDYNKRTMGLLVSDIGTIVWGTTAALSKGYVRVIFFLMGLCYGIYTFFNAAKVYIEAYHTVPKGICRDLVRYLAWLYFCSWAMFPVLFLLGPEGFGHINQFNSAIAHAILDLASKNAWSMMGHFLRVKIHEHILLYGDIRKKQKVNVAGQEMEVETMVHEEDDETQKVPTAKYANRDSFIIMRDRLKEKGFETRASLDGDPNGDAEANAAAGGKPGMEMGKMTGMGMGMGAGMGMATIDSGRVILAVPDISMVDFFREQFARLPVPYELVPALGAENTLQLVQQAQSLGGCDFVLMHPEFLRDRSPTGLLPRLKMGGQRAAAFGWAAIGPMRDLIEGSGVDGWLEGPSFGAGINQQALVALINRMQQAKKMGMMGGMGMGMGGGMGMGMGMGMGMAPSMNAGMTGGMGGASMGGAVMGMGMGMQPMQQAMPAMSPMMTQQPSMMSQPSAMSAGGAMQAMGGVMPSPAPGGRVGTNPLFGSAPSPLSSQPGISPGMATPPAATAAPAAGGSEAEMLQQLMSEINRLKNELGE | N3: 3UG9 | O3: RMLFQTSYTLENNGSVICIPNNGQCFCLAWLKSNGTNAEKLAANILQWITFALSALCLMFYCGWEEIYVATIEMIKFIIEYFHEFDEPAVIYSSNGNKTVWLRYAEWLLTCPVILIHLSNLTGLANDYNKRTMGLLVSDIGTIVWGTTAALSKGYVRVIFFLMGLCYGIYTFFNAAKVYIEAYHTVPKGRCRQVVTGMAWLFFVSWGMFPILFILGPEGFGVLSVYGSTVGHTIIDLMSKNCWGLLGHYLRVLIHEHILIHGDIRKTTKLIEVETLVEDE | P3: Q93WP2,Q8RUT8 | Q3: 280.0 | R3: RMLFQTSYTLENNGSVICIPNNGQCFCLAWLKSNGTNAEKLAANILQWITFALSALCLMFYCGWEEIYVATIEMIKFIIEYFHEFDEPAVIYSSNGNKTVWLRYAEWLLTCPVILIHLSNLTGLANDYNKRTMGLLVSDIGTIVWGTTAALSKGYVRVIFFLMGLCYGIYTFFNAAKVYIEAYHTVPKGRCRQVVTGMAWLFFVSWGMFPILFILGPEGFGVLSVYGSTVGHTIIDLMSKNCWGLLGHYLRVLIHEHILIHGDIRKTTKLIEVETLVEDE | U3: Chlamydomonas reinhardtii Channelrhodopsin-1 | V3: Chlamydomonas_reinhardtii_Channelrhodopsin_1 | W3: O5537c97da | X3: TRUE | Y3: CrChR1 | Z3: CrChR1 | AA3: Cation channel | AB3: Chlamydomonas_reinhardtii_Channelrhodopsin_1_Chlamydomonas reinhardtii
A4: 3 | B4: recommeded to remove | C4: CyR (duplicated with CyR N2098R) | E4: Cyanobacteria (unspecified) | F4: Bacteria | H4: outward proton pump | N4: 6LM0 | O4: SGMTQFWLWVGFIGMVIGCIYFGMKASAMRRREGMEFPLESFFITLWAAALYLTMILGETVTPINGQTVFWGRYIDWVVTTPLLLMELGVIAGLRPKLIAGVMGADIFMIVTGFIGAVEAPPYNYLWWLISTGSFLAILGSLLTEYSASAKRRNGRINSLFQTLRNILIVLWICYPIVWILGAEGFHVISVGWETLCYSVLDVCAKVGFGFVVVSAGNETLAQASNSDRIMETVHSYMQSEE | P4: A0A1Z4FUT4 | Q4: 242.0 | R4: SGMTQFWLWVGFIGMVIGCIYFGMKASAMRRREGMEFPLESFFITLWAAALYLTMILGETVTPINGQTVFWGRYIDWVVTTPLLLMELGVIAGLRPKLIAGVMGADIFMIVTGFIGAVEAPPYNYLWWLISTGSFLAILGSLLTEYSASAKRRNGRINSLFQTLRNILIVLWICYPIVWILGAEGFHVISVGWETLCYSVLDVCAKVGFGFVVVSAGNETLAQASNSDRIMETVHSYMQSEE | U4: Cyanorhodopsin | V4: Cyanorhodopsin | W4: Oba67b967a | X4: TRUE | Y4: CyR | Z4: CyR | AA4: Proton pump | AB4: Cyanorhodopsin_Cyanobacteria (unspecified)
A5: 4 | B5: include | C5: FR | E5: Fulvimarina pelagi | F5: Bacteria | G5: inward chloride pump | H5: inward chloride pump | M5: MQDTELFADQLGNIENLVSLTVGQYTMGSLILMVSYGAHFAFVLYFLMTSLQLAPRYRIVPIMSAIVMVSAGLSLLREFNAWEQSYEFVEGMYQPLAENSTFTNAYRYGNWTITVPILLTQLPLAFGLLRPELHVRAARMCIPALLMIWTGLVGQFGETGNYLRLNVWGVISTIFFVWLIIEVRGVISRAIAMGPAELAAWPKNIWWFFLAFWGLYPIAYALPQLGHTGDIVVIRQLLYSIADVFSKLVYGIILSRYVLRRSALEGYKPAIEALSRTPVDLSMSKNGGAGYGDGDR | Q5: 296.0 | R5: MQDTELFADQLGNIENLVSLTVGQYTMGSLILMVSYGAHFAFVLYFLMTSLQLAPRYRIVPIMSAIVMVSAGLSLLREFNAWEQSYEFVEGMYQPLAENSTFTNAYRYGNWTITVPILLTQLPLAFGLLRPELHVRAARMCIPALLMIWTGLVGQFGETGNYLRLNVWGVISTIFFVWLIIEVRGVISRAIAMGPAELAAWPKNIWWFFLAFWGLYPIAYALPQLGHTGDIVVIRQLLYSIADVFSKLVYGIILSRYVLRRSALEGYKPAIEALSRTPVDLSMSKNGGAGYGDGDR | U5: Fulvimarina pelagi Chloride pump | V5: Fulvimarina_pelagi_Chloride_pump | W5: Of45b61cb1 | X5: FALSE | Y5: FR | Z5: FR | AA5: Chloride pump | AB5: Fulvimarina_pelagi_Chloride_pump_Fulvimarina pelagi
A6: 5 | B6: include | C6: GPR | E6: Marine proteobacteria (labeled 'Green') | F6: Bacteria | G6: outward proton pump | H6: outward proton pump | M6: MKLLLILGSVIALPTFAAGGGDLDASDYTGVSFWLVTAALLASTVFFFVERDRVSAKWKTSLTVSGLVTGIAFWHYMYMRGVWIETGDSPTVFRYIDWLLTVPLLICEFYLILAAATNVAGSLFKKLLVGSLVMLVFGYMGEAGIMAAWPAFIIGCLAWVYMIYELWAGEGKSACNTASPAVQSAYNTMMYIIIFGWAIYPVGYFTGYLMGDGGSALNLNLIYNLADFVNKILFGLIIWNVAVKESSNA | N6: 2L6X | O6: MGGGDLDASDYTGVSFWLVTAALLASTVFFFVERDRVSAKWKTSLTVSGLVTGIAFWHYMYMRGVWIETGDSPTVFRYIDWLLTVPLLICEFYLILAAATNVAGSLFKKLLVGSLVMLVFGYMGEAGIMAAWPAFIIGCLAWVYMIYELWAGEGKSACNTASPAVQSAYNTMMYIIIFGWAIYPVGYFTGYLMGDGGSALNLNLIYNLADFVNKILFGLIIWNVAVKESSNAPGG | P6: Q9F7P4 | Q6: 235.0 | R6: MGGGDLDASDYTGVSFWLVTAALLASTVFFFVERDRVSAKWKTSLTVSGLVTGIAFWHYMYMRGVWIETGDSPTVFRYIDWLLTVPLLICEFYLILAAATNVAGSLFKKLLVGSLVMLVFGYMGEAGIMAAWPAFIIGCLAWVYMIYELWAGEGKSACNTASPAVQSAYNTMMYIIIFGWAIYPVGYFTGYLMGDGGSALNLNLIYNLADFVNKILFGLIIWNVAVKESSNAPGG | U6: Green Proteorhodopsin | V6: Green_Proteorhodopsin | W6: O7b6459cd7 | X6: TRUE | Y6: GPR | Z6: GPR | AA6: Proton pump | AB6: Green_Proteorhodopsin_Marine proteobacteria (labeled 'Green')
A7: 6 | B7: include | C7: GtACR2 | E7: Guillardia theta | F7: Eukaryota | G7: anion channel | H7: non-selective anion channel | M7: MASQVVYGEWASTHTECYNMSRIDSTFVSLLQLVWAVVSGCQTIFMISRAPKVPWESVYLPFVESITYALASTGNGTLQMRDGRFFPWSRMASWLCTCPIMLGQISNMALVKYKSIPLNPIAQAASIIRVVMGITATISPAEYMKWLFFFFGATCLVFEYSVVFTIFQVGLYGFESVGTPLAQKVVVRIKMLRLIFFIAWTMFPIVWLISPTGVCVIHENVSAILYLLADGLCKNTYGVILWSTAWGVLEGKWDPACLPGQEKPEADDPFGLNHEKNAPPNDEVNIRMFGR | Q7: 291.0 | R7: MASQVVYGEWASTHTECYNMSRIDSTFVSLLQLVWAVVSGCQTIFMISRAPKVPWESVYLPFVESITYALASTGNGTLQMRDGRFFPWSRMASWLCTCPIMLGQISNMALVKYKSIPLNPIAQAASIIRVVMGITATISPAEYMKWLFFFFGATCLVFEYSVVFTIFQVGLYGFESVGTPLAQKVVVRIKMLRLIFFIAWTMFPIVWLISPTGVCVIHENVSAILYLLADGLCKNTYGVILWSTAWGVLEGKWDPACLPGQEKPEADDPFGLNHEKNAPPNDEVNIRMFGR | U7: Guillardia theta Anion Channelrhodopsin-2 | V7: Guillardia_theta_Anion_Channelrhodopsin_2 | W7: O9d96fda5e | X7: FALSE | Y7: GtACR2 | Z7: GtACR2 | AA7: Anion channel | AB7: Guillardia_theta_Anion_Channelrhodopsin_2_Guillardia theta
A8: 7 | B8: recommeded to remove | C8: HmBRI | E8: Haloarcula marismortui | F8: Archaea | G8: outward proton pump | H8: outward proton pump | M8: MPAPGSEGIWLWLGTAGMFLGMLYFIARGWGETDGRRQKFYIATILITAIAFVNYLAMALGFGLTFIEFGGEQHPIYWARYTDWLFTTPLLLYDLGLLAGADRNTIYSLVSLDVLMIGTGVVATLSAGSGVLSAGAERLVWWGISTAFLLVLLYFLFSSLSGRVANLPSDTRSTFKTLRNLVTVVWLVYPVWWLVGSEGLGLVGIGIETAGFMVIDLVAKVGFGIILLRSHGVLDGAAETTGTGATPADD | N8: 4PXK | O8: APGSEGIWLWLGTAGMFLGMLYFIARGWGETDGRRQKFYIATILITAIAFVNYLAMALGFGLTFIEFGGEQHPIYWARYTDWLFTTPLLLYNLGLLAGADRNTIYSLVSLDVLMIGTGVVATLSAGSGVLSAGAERLVWWGISTAFLLVLLYFLFSSLSGRVANLPSDTRSTFKTLRNLVTVVWLVYPVWWLVGSEGLGLVGIGIETAGFMVIDLVAKVGFGIILLRSHGVLDGAA | P8: Q5UXY6 | Q8: 236.0 | R8: APGSEGIWLWLGTAGMFLGMLYFIARGWGETDGRRQKFYIATILITAIAFVNYLAMALGFGLTFIEFGGEQHPIYWARYTDWLFTTPLLLYNLGLLAGADRNTIYSLVSLDVLMIGTGVVATLSAGSGVLSAGAERLVWWGISTAFLLVLLYFLFSSLSGRVANLPSDTRSTFKTLRNLVTVVWLVYPVWWLVGSEGLGLVGIGIETAGFMVIDLVAKVGFGIILLRSHGVLDGAA | U8: Haloarcula marismortui Bacteriorhodopsin I | V8: Haloarcula_marismortui_Bacteriorhodopsin_I | W8: Ob81194c9e | X8: TRUE | Y8: HmBRI | Z8: HmBRI | AA8: Proton pump | AB8: Haloarcula_marismortui_Bacteriorhodopsin_I_Haloarcula marismortui
A9: 8 | B9: recommeded to remove | C9: HmBRII | E9: Haloarcula marismortui | F9: Archaea | G9: outward proton pump | H9: outward proton pump | M9: MLPLQVSSLGVEGEGIWLALGTVGMLLGMVYFMAKGWDVQDPEQEEFYVITILIAGIAASSYLSMFFGFGLTEVELVNGRVIDVYWARYADWLFTTPLLLLDIGLLAGASNRDMASLITIDAFMIVTGLAATLMKVPVARYAFWTISTIAMLFVLYYLVVVVGEAASDASEEAQSTFNVLRNIILVAWAIYPVAWLVGTEGLGLVGLFGETLLFMILDLTAKIGFGFILLRSRAIVGGDSAPTPSAEAAD | Q9: 250.0 | R9: MLPLQVSSLGVEGEGIWLALGTVGMLLGMVYFMAKGWDVQDPEQEEFYVITILIAGIAASSYLSMFFGFGLTEVELVNGRVIDVYWARYADWLFTTPLLLLDIGLLAGASNRDMASLITIDAFMIVTGLAATLMKVPVARYAFWTISTIAMLFVLYYLVVVVGEAASDASEEAQSTFNVLRNIILVAWAIYPVAWLVGTEGLGLVGLFGETLLFMILDLTAKIGFGFILLRSRAIVGGDSAPTPSAEAAD | U9: Haloarcula marismortui Bacteriorhodopsin II | V9: Haloarcula_marismortui_Bacteriorhodopsin_II | W9: Ob946aa20c | X9: FALSE | Y9: HmBRII | Z9: HmBRII | AA9: Proton pump | AB9: Haloarcula_marismortui_Bacteriorhodopsin_II_Haloarcula marismortui
A10: 9 | B10: include | C10: HmHR | E10: Haloarcula marismortui | F10: Archaea | G10: inward chloride pump | H10: inward chloride pump | M10: MTAASTTATTVLQATQSDVLQEIQSNFLLNSSIWVNIALAGVVILLFVAMGRDLESPRAKLIWVATMLVPLVSISSYAGLASGLTVGFLQMPPGHALAGQEVLSPWGRYLTWTFSTPMILLALGLLADTDIASLFTAITMDIGMCVTGLAAALITSSHLLRWVFYGISCAFFVAVLYVLLVQWPADAEAAGTSEIFGTLKILTVVLWLGYPILWALGSEGVALLSVGVTSWGYSGLDILAKYVFAFLLLRWVAANEGTVSGSGMGIGSGGATPADD | Q10: 276.0 | R10: MTAASTTATTVLQATQSDVLQEIQSNFLLNSSIWVNIALAGVVILLFVAMGRDLESPRAKLIWVATMLVPLVSISSYAGLASGLTVGFLQMPPGHALAGQEVLSPWGRYLTWTFSTPMILLALGLLADTDIASLFTAITMDIGMCVTGLAAALITSSHLLRWVFYGISCAFFVAVLYVLLVQWPADAEAAGTSEIFGTLKILTVVLWLGYPILWALGSEGVALLSVGVTSWGYSGLDILAKYVFAFLLLRWVAANEGTVSGSGMGIGSGGATPADD | U10: Haloarcula marismortui Halorhodopsin | V10: Haloarcula_marismortui_Halorhodopsin | W10: O017a1ade5 | X10: FALSE | Y10: HmHR | Z10: HmHR | AA10: Chloride pump | AB10: Haloarcula_marismortui_Halorhodopsin_Haloarcula marismortui
A11: 10 | B11: include | C11: HmSRI | E11: Haloarcula marismortui | F11: Archaea | G11: regulation of transducer | H11: regulation of transducer | M11: MDAVSVVYGITAAGFAVGVAIVGFLYASLEGSDERPILAALALIPGVAGISYVAMVFGIGTVTIGETTLVGFRYLDWVVTTPLLVGFIGYTAGASRRAIFGVMAADALMILAGVGAVVAAGTLKWALFGVSAVFHISLFAYLYLIFPRSVPDDPQRIGLFSLLKNHVGLLWIAYPLVWLAGPEGLGFATYVGVSITYAFLDLLAKVPYVYFFYARRQVFATKLLRDSGDTTVTPAD | Q11: 236.0 | R11: MDAVSVVYGITAAGFAVGVAIVGFLYASLEGSDERPILAALALIPGVAGISYVAMVFGIGTVTIGETTLVGFRYLDWVVTTPLLVGFIGYTAGASRRAIFGVMAADALMILAGVGAVVAAGTLKWALFGVSAVFHISLFAYLYLIFPRSVPDDPQRIGLFSLLKNHVGLLWIAYPLVWLAGPEGLGFATYVGVSITYAFLDLLAKVPYVYFFYARRQVFATKLLRDSGDTTVTPAD | U11: Haloarcula marismortui Sensory Rhodopsin I | V11: Haloarcula_marismortui_Sensory_Rhodopsin_I | W11: O132494edf | X11: FALSE | Y11: HmSRI | Z11: HmSRI | AA11: Phototaxis | AB11: Haloarcula_marismortui_Sensory_Rhodopsin_I_Haloarcula marismortui
A12: 11 | B12: include | C12: HmSRII | E12: Haloarcula marismortui | F12: Archaea | G12: regulation of transducer | H12: regulation of transducer | M12: MATITTWFTLGLLGELLGTAVLAYGYTLVPEETRKRYLLLIAIPGIAIVAYALMALGFGSIQSEGHAVYVVRYVDWLLTTPLNVWFLALLAGASREDTVKLVVLQALTIVFGFAGAVTPSPVSYALFAVGGALFGGVIYLLYRNIAVAAKSTLSDIEVSLYRTLRNFVVVLWLVYPVVWLLGAAGVGLMDVETATLVVVYLDVVTKVGFGVIALLAMIDLGSAGETAEEPTAVAGD | Q12: 236.0 | R12: MATITTWFTLGLLGELLGTAVLAYGYTLVPEETRKRYLLLIAIPGIAIVAYALMALGFGSIQSEGHAVYVVRYVDWLLTTPLNVWFLALLAGASREDTVKLVVLQALTIVFGFAGAVTPSPVSYALFAVGGALFGGVIYLLYRNIAVAAKSTLSDIEVSLYRTLRNFVVVLWLVYPVVWLLGAAGVGLMDVETATLVVVYLDVVTKVGFGVIALLAMIDLGSAGETAEEPTAVAGD | U12: Haloarcula marismortui Sensory Rhodopsin II | V12: Haloarcula_marismortui_Sensory_Rhodopsin_II | W12: O91af35bb0 | X12: FALSE | Y12: HmSRII | Z12: HmSRII | AA12: Phototaxis | AB12: Haloarcula_marismortui_Sensory_Rhodopsin_II_Haloarcula marismortui
A13: 12 | B13: include | C13: HmSRIII | E13: Haloarcula marismortui | F13: Archaea | G13: regulation of transducer | H13: regulation of transducer | M13: MAQEIVWYGAGAGAFFVSAVVFVWFAATRGNIRSSFYYLPPIHTSVAGAAYVAMALIAGGQLGDTVSITTLRFADWIVSTPIITYYLARLAGVDTQTRRLAVAANVVMIGVGYGFVSMSGSLRWIAFAVSTVAFIGLLYLYIKTFARKINAATASVRSLFQSLRDLTVVTWSLYPVVYFLGPLGTGIIQAPDLNFLVAVLDTIAKVGFMSILLVRYNSVETFVDSWSVAPAK | Q13: 232.0 | R13: MAQEIVWYGAGAGAFFVSAVVFVWFAATRGNIRSSFYYLPPIHTSVAGAAYVAMALIAGGQLGDTVSITTLRFADWIVSTPIITYYLARLAGVDTQTRRLAVAANVVMIGVGYGFVSMSGSLRWIAFAVSTVAFIGLLYLYIKTFARKINAATASVRSLFQSLRDLTVVTWSLYPVVYFLGPLGTGIIQAPDLNFLVAVLDTIAKVGFMSILLVRYNSVETFVDSWSVAPAK | U13: Haloarcula marismortui Sensory Rhodopsin III | V13: Haloarcula_marismortui_Sensory_Rhodopsin_III | W13: O9aaaef0fd | X13: FALSE | Y13: HmSRIII | Z13: HmSRIII | AA13: Phototaxis | AB13: Haloarcula_marismortui_Sensory_Rhodopsin_III_Haloarcula marismortui
A14: 13 | B14: include | C14: HsSRI | E14: Halobacterium salinarum | F14: Archaea | G14: regulation of transducer | H14: regulation of transducer | M14: MDAVATAYLGGAVALIVGVAFVWLLYRSLDGSPHQSALAPLAIIPVFAGLSYVGMAYDIGTVIVNGNQIVGLRYIDWLVTTPILVGYVGYAAGASRRSIIGVMVADALMIAVGAGAVVTDGTLKWALFGVSSIFHLSLFAYLYVIFPRVVPDVPEQIGLFNLLKNHIGLLWLAYPLVWLFGPAGIGEATAAGVALTYVFLDVLAKVPYVYFFYARRRVFMHSESPPAPEQATVEATAAD | Q14: 239.0 | R14: MDAVATAYLGGAVALIVGVAFVWLLYRSLDGSPHQSALAPLAIIPVFAGLSYVGMAYDIGTVIVNGNQIVGLRYIDWLVTTPILVGYVGYAAGASRRSIIGVMVADALMIAVGAGAVVTDGTLKWALFGVSSIFHLSLFAYLYVIFPRVVPDVPEQIGLFNLLKNHIGLLWLAYPLVWLFGPAGIGEATAAGVALTYVFLDVLAKVPYVYFFYARRRVFMHSESPPAPEQATVEATAAD | U14: Halobacterium salinarum Sensory Rhodopsin I | V14: Halobacterium_salinarum_Sensory_Rhodopsin_I | W14: O67713bee1 | X14: FALSE | Y14: HsSRI | Z14: HsSRI | AA14: Phototaxis | AB14: Halobacterium_salinarum_Sensory_Rhodopsin_I_Halobacterium salinarum
A15: 14 | B15: recommeded to remove | C15: HxAR | E15: Halorubrum xinjiangense | F15: Archaea | G15: outward proton pump | H15: outward proton pump | M15: MDPIALQAGYDLLGDGRPETLWLGIGTLLMLIGTFYFIVKGWGVTDKEAREYYSITILVPGIASAAYLSMFFGIGLTEVQVGSEMLDIYYARYADWLFTTPLLLLDLALLAKVDRVSIGTLVGVDALMIVTGLIGALSHTPLARYTWWLFSTICMIVVLYFLATSLRAAAKERGPEVASTFNTLTALVLVLWTAYPILWIVGTEGAGVVGLGIETLLFMVLDVTAKVGFGFILLRSRAILGDTQAPEPSAGADAQAAD | Q15: 258.0 | R15: MDPIALQAGYDLLGDGRPETLWLGIGTLLMLIGTFYFIVKGWGVTDKEAREYYSITILVPGIASAAYLSMFFGIGLTEVQVGSEMLDIYYARYADWLFTTPLLLLDLALLAKVDRVSIGTLVGVDALMIVTGLIGALSHTPLARYTWWLFSTICMIVVLYFLATSLRAAAKERGPEVASTFNTLTALVLVLWTAYPILWIVGTEGAGVVGLGIETLLFMVLDVTAKVGFGFILLRSRAILGDTQAPEPSAGADAQAAD | U15: Halorubrum xinjiangense Archaerhodopsin | V15: Halorubrum_xinjiangense_Archaerhodopsin | W15: O272ca584d | X15: FALSE | Y15: HxAR | Z15: HxAR | AA15: Proton pump | AB15: Halorubrum_xinjiangense_Archaerhodopsin_Halorubrum xinjiangense
A16: 15 | B16: include | C16: KR1 | E16: Krokinobacter eikastus | F16: Bacteria | G16: outward proton pump | H16: outward proton pump | M16: MKFLLLLLADPTKLDPSDYVGFTFFVGAMAMMAASAFFFLSLNQFNKKWRTSVLVSGLITFIAAVHYWYMRDYWFAIQESPTFFRYVDWVLTVPLMCVEFYLILKVAGAKPALMWKLILFSVIMLVTGYFGEAVFQDQAALWGAISGAAYFYIVYEIWLGSAKKLAVAAGGDILKAHKILCWFVLVGWAIYPLGYMLGTDGWYTSILGKGSVDVAYNIADAINKIGFGLVIYALAVKKNEVDVV | Q16: 244.0 | R16: MKFLLLLLADPTKLDPSDYVGFTFFVGAMAMMAASAFFFLSLNQFNKKWRTSVLVSGLITFIAAVHYWYMRDYWFAIQESPTFFRYVDWVLTVPLMCVEFYLILKVAGAKPALMWKLILFSVIMLVTGYFGEAVFQDQAALWGAISGAAYFYIVYEIWLGSAKKLAVAAGGDILKAHKILCWFVLVGWAIYPLGYMLGTDGWYTSILGKGSVDVAYNIADAINKIGFGLVIYALAVKKNEVDVV | U16: Krokinobacter Rhodopsin-1 | V16: Krokinobacter_Rhodopsin_1 | W16: O24730b7f1 | X16: FALSE | Y16: KR1 | Z16: KR1 | AA16: Proton pump | AB16: Krokinobacter_Rhodopsin_1_Krokinobacter
A17: 16 | B17: recommeded to remove | C17: Med12 (duplicated with Med12BPR) | E17: Halobacterium (unspecified) | F17: Archaea | G17: outward proton pump | H17: outward proton pump | N17: 4JQ6 | O17: DYVGISFWLAAAIMLASTVFFFVERSDVPVKWKTSLTVAGLVTGVAFWHYLYMRGVWIYAGETPTVFRYIDWLITVPLQIIEFYLIIAAAVFWKLLIASLVMLIGGFIGEAGLGDVVVWWIVGMIAWLYIIYEIFLGAASQQAFNTIKWIVTVGWAIYPIGYAWGYFGDGLNEDALNIVYNLADLINKAAFGLAIWAAAMKDK | P17: Q4PP54 | Q17: 203.0 | R17: DYVGISFWLAAAIMLASTVFFFVERSDVPVKWKTSLTVAGLVTGVAFWHYLYMRGVWIYAGETPTVFRYIDWLITVPLQIIEFYLIIAAAVFWKLLIASLVMLIGGFIGEAGLGDVVVWWIVGMIAWLYIIYEIFLGAASQQAFNTIKWIVTVGWAIYPIGYAWGYFGDGLNEDALNIVYNLADLINKAAFGLAIWAAAMKDK | U17: Medarhodopsin-12 | V17: Medarhodopsin_12 | W17: Od8d044f37 | X17: TRUE | Y17: Med12 | Z17: Med12 | AA17: Proton pump | AB17: Medarhodopsin_12_Halobacterium (unspecified)
A18: 17 | B18: include | C18: NR | E18: Neurospora crassa | F18: Eukaryota | G18: outward proton pump | H18: outward proton pump | M18: MIHPEQVADMLRPTTSTTSSHVPGPVPTVVPTPTEYQTLGETGHRTLWVTFALMVLSSGIFALLSWNVPTSKRLFHVITTLITVVASLSYFAMATGHATTFNCDTAWDHHKHVPDTSHQVCRQVFWGRYVDWALTTPLLLLELCLLAGVDGAHTLMAIVADVIMVLCGLFAALGEGGNTAQKWGWYTIGCFSYLFVIWHVALHGSRTVTAKGRGVSRLFTGLAVFALLLWTAYPIIWGIAGGARRTNVDTEILIYTVLDLLAKPVFGFWLLLSHRAMPETNIDLPGYWSHGLATEGRIRIGEED | Q18: 304.0 | R18: MIHPEQVADMLRPTTSTTSSHVPGPVPTVVPTPTEYQTLGETGHRTLWVTFALMVLSSGIFALLSWNVPTSKRLFHVITTLITVVASLSYFAMATGHATTFNCDTAWDHHKHVPDTSHQVCRQVFWGRYVDWALTTPLLLLELCLLAGVDGAHTLMAIVADVIMVLCGLFAALGEGGNTAQKWGWYTIGCFSYLFVIWHVALHGSRTVTAKGRGVSRLFTGLAVFALLLWTAYPIIWGIAGGARRTNVDTEILIYTVLDLLAKPVFGFWLLLSHRAMPETNIDLPGYWSHGLATEGRIRIGEED | U18: Neurospora Rhodopsin | V18: Neurospora_Rhodopsin | W18: Oa33e502bd | X18: FALSE | Y18: NR | Z18: NR | AA18: Proton pump | AB18: Neurospora_Rhodopsin_Neurospora
A19: 18 | B19: include | C19: NdR1 | E19: Nonlabens dokdonensis | F19: Bacteria | G19: outward proton pump | H19: outward proton pump | M19: MNFLLSTLEVAKMATDDYVGFTFFIGSMAMMAASAFFFLSLSQFDNKWRTSVLVSGLITFIAAVHYFYMRDYYAATDSSPTFFRYVDWTLTVPLMCVEFYLILKVAGAKLGLMWKLIFWSVVMLVTGYFGEVIALGNPTMQWVWGLVSGIAYFIIVYMIWFGEAKKLATSAGGAVLKAHNILCWFVLVGWAIYPLGYILGTEGGLFGLQLVEDPKAAQEAMDVVYNIGDAINKIGFGLVIYSLAVTSSKKVEA | Q19: 253.0 | R19: MNFLLSTLEVAKMATDDYVGFTFFIGSMAMMAASAFFFLSLSQFDNKWRTSVLVSGLITFIAAVHYFYMRDYYAATDSSPTFFRYVDWTLTVPLMCVEFYLILKVAGAKLGLMWKLIFWSVVMLVTGYFGEVIALGNPTMQWVWGLVSGIAYFIIVYMIWFGEAKKLATSAGGAVLKAHNILCWFVLVGWAIYPLGYILGTEGGLFGLQLVEDPKAAQEAMDVVYNIGDAINKIGFGLVIYSLAVTSSKKVEA | U19: Nonlabens dokdonensis Rhodopsin-1 | V19: Nonlabens_dokdonensis_Rhodopsin_1 | W19: O0c174de93 | X19: FALSE | Y19: NdR1 | Z19: NdR1 | AA19: Proton pump | AB19: Nonlabens_dokdonensis_Rhodopsin_1_Nonlabens dokdonensis
A20: 19 | B20: include | C20: NdR2 | E20: Nonlabens dokdonensis | F20: Bacteria | G20: outward sodium pump | H20: outward sodium pump | L20: 10.1016/j.jphotobiol.2017.05.004 | M20: MIQDLGNSNFENYVGATDGFSEMAYQMTSHVLTLGYAVMFAGLLYFILTIKNVDKKYRMSNILSAVVMVSAALLLYAQAGNWTESFAFDAERGKYFLVEGGDLFNNGYRYLNWLIDVPMLLFQILFVVQLTKSKLSSVRNQFWFSGAMMIITGYIGQYYEVTDLSAFFIWGAISTVFFFHILWLMNKVIKEGKVGIPKKGQKILSNIWILFLVSWFLYPGAYLMPHLGGIEGFLFNESGVVGRQITYTIADVCSKVIYGVLLGNLALVLSKNKEMIETA | Q20: 279.0 | R20: MIQDLGNSNFENYVGATDGFSEMAYQMTSHVLTLGYAVMFAGLLYFILTIKNVDKKYRMSNILSAVVMVSAALLLYAQAGNWTESFAFDAERGKYFLVEGGDLFNNGYRYLNWLIDVPMLLFQILFVVQLTKSKLSSVRNQFWFSGAMMIITGYIGQYYEVTDLSAFFIWGAISTVFFFHILWLMNKVIKEGKVGIPKKGQKILSNIWILFLVSWFLYPGAYLMPHLGGIEGFLFNESGVVGRQITYTIADVCSKVIYGVLLGNLALVLSKNKEMIETA | U20: Nonlabens dokdonensis Rhodopsin-2 | V20: Nonlabens_dokdonensis_Rhodopsin_2 | W20: O82bd83f12 | X20: FALSE | Y20: NdR2 | Z20: NdR2 | AA20: Proton pump | AB20: Nonlabens_dokdonensis_Rhodopsin_2_Nonlabens dokdonensis
A21: 20 | B21: include | C21: NmNaR | D21: NmR2 | E21: Nonlabens marinus | F21: Bacteria | G21: outward sodium pump | H21: outward sodium pump | L21: 10.1073/pnas.1403051111 | M21: MQQLGNSNFENYIGASEGFSEMAYQMTSHVLTLGYAVMLAGLLYFILTIKKVDKRFQMSNILSAVVMVSAFLLLYAQAGNWTSSFTFDIELGRYFLDPDGDLFNNGYRYLNWLIDVPMLLFQILFVVTLTKSKLSSIRNQFWFSGTMMIITGYIGQFYEVSDITWFLIWGAISTVFFFHILYLMKKVINEGKEGISTKGQKILSNIWILFLISWFLYPGAYLMPYLGGIDGFLYNESGVVGRQITYTIADVCSKVIYGVLLGNLAMTLSTKNKNEHKPA | Q21: 279.0 | R21: MQQLGNSNFENYIGASEGFSEMAYQMTSHVLTLGYAVMLAGLLYFILTIKKVDKRFQMSNILSAVVMVSAFLLLYAQAGNWTSSFTFDIELGRYFLDPDGDLFNNGYRYLNWLIDVPMLLFQILFVVTLTKSKLSSIRNQFWFSGTMMIITGYIGQFYEVSDITWFLIWGAISTVFFFHILYLMKKVINEGKEGISTKGQKILSNIWILFLISWFLYPGAYLMPYLGGIDGFLYNESGVVGRQITYTIADVCSKVIYGVLLGNLAMTLSTKNKNEHKPA | U21: Nonlabens marinus Sodium Rhodopsin | V21: Nonlabens_marinus_Sodium_Rhodopsin | W21: Oee869d2c8 | X21: FALSE | Y21: NmNaR | Z21: NmNaR | AA21: Sodium pump | AB21: Nonlabens_marinus_Sodium_Rhodopsin_Nonlabens marinus
A22: 21 | B22: include | C22: NmPR | D22: NmR1 | E22: Nonlabens marinus | F22: Bacteria | G22: outward proton pump | H22: outward proton pump | L22: 10.1073/pnas.1403051111 | M22: MKFLLLLLADPTKLDPSDYVGFTFFVGAMAMMAASAFFFLSLNQFNKKWRTSVLVSGLITFIAAVHYWYMRDYWFAIQESPTFFRYVDWVLTVPLMCVEFYLILKVAGAKPALMWKLILFSVIMLVTGYFGEAVFQDQAALWGAISGAAYFYIVYEIWLGSAKKLAVAAGGDILKAHKILCWFVLVGWAIYPLGYMLGTDGWYTSILGKGSVDVAYNIADAINKIGFGLVIYALAVKKNEVDVV | Q22: 244.0 | R22: MKFLLLLLADPTKLDPSDYVGFTFFVGAMAMMAASAFFFLSLNQFNKKWRTSVLVSGLITFIAAVHYWYMRDYWFAIQESPTFFRYVDWVLTVPLMCVEFYLILKVAGAKPALMWKLILFSVIMLVTGYFGEAVFQDQAALWGAISGAAYFYIVYEIWLGSAKKLAVAAGGDILKAHKILCWFVLVGWAIYPLGYMLGTDGWYTSILGKGSVDVAYNIADAINKIGFGLVIYALAVKKNEVDVV | U22: Nonlabens marinus Proteorhodopsin | V22: Nonlabens_marinus_Proteorhodopsin | W22: O9f21d8ceb | X22: FALSE | Y22: NmPR | Z22: NmPR | AA22: Proton pump | AB22: Nonlabens_marinus_Proteorhodopsin_Nonlabens marinus
A23: 22 | B23: recommeded to remove | C23: PhaeoRD1 | E23: Phaeosphaeria | F23: Eukaryota | G23: outward proton pump | H23: outward proton pump | M23: MRALLLSDVFLLLATLACLGLVICDALTFKAGAMSNFTNPTTPILKVSVTTVESFLVRTDTLQVRFATNYIFDVGLYFPKFSILAFYFMIIPVTAPDTRKALYAVTCFVALSTLVTFFADTFWCGPDPSVNWSMKGGNCTVFTAMTLVKLNWSLNIISEVLIFVLPLPIIRNLKIPRKRERAGLLILFTLGAITIAVSAARFFAMLIVSNNIAIYILATTEFTVSIMIPSLISLRPLLRKIHKWTSSGHSDSPFSRGNHTGVTSGKRKPGNSSVPKLKGSHAIYSKGNARNLYGSEVELTEHEPTKIYKTEEISVTSTRDPQLGDEDNTS | Q23: 330.0 | R23: MRALLLSDVFLLLATLACLGLVICDALTFKAGAMSNFTNPTTPILKVSVTTVESFLVRTDTLQVRFATNYIFDVGLYFPKFSILAFYFMIIPVTAPDTRKALYAVTCFVALSTLVTFFADTFWCGPDPSVNWSMKGGNCTVFTAMTLVKLNWSLNIISEVLIFVLPLPIIRNLKIPRKRERAGLLILFTLGAITIAVSAARFFAMLIVSNNIAIYILATTEFTVSIMIPSLISLRPLLRKIHKWTSSGHSDSPFSRGNHTGVTSGKRKPGNSSVPKLKGSHAIYSKGNARNLYGSEVELTEHEPTKIYKTEEISVTSTRDPQLGDEDNTS | U23: Phaeosphaeria Rhodopsin-1 | V23: Phaeosphaeria_Rhodopsin_1 | W23: O60dc6340f | X23: FALSE | Y23: PhaeoRD1 | Z23: PhaeoRD1 | AA23: Proton pump | AB23: Phaeosphaeria_Rhodopsin_1_Phaeosphaeria
A24: 23 | B24: recommeded to remove | C24: PhaeoRD2 | E24: Phaeosphaeria | F24: Eukaryota | G24: outward proton pump | H24: outward proton pump | M24: MLAGILFYIAEYFYAVSAAFIKISVAVTLLRIAVGRPVLKGVIWGLIALTVIAALVFVVGIANICHPIETLWGMANGKCNLQLNTDVSLFFSAIEILTDFSLSLLPAVLLWNVQMVCADETRYTRDPHIALEENTDCEQKGKVKGSVAVMLALASFASCATIIRLKFLTLYSDPGEFIYGTGKIGFWSLTEEGIGIIAGSLPALRPLLNLRIRITTTSNNTPAASNAHFEASRGKQPSSRAPIKMDTFQTLGENDFDHSDGDSQKNIIKETRYTVTSTQLQPKQSYDMGWDDKRPDHVSHV | Q24: 301.0 | R24: MLAGILFYIAEYFYAVSAAFIKISVAVTLLRIAVGRPVLKGVIWGLIALTVIAALVFVVGIANICHPIETLWGMANGKCNLQLNTDVSLFFSAIEILTDFSLSLLPAVLLWNVQMVCADETRYTRDPHIALEENTDCEQKGKVKGSVAVMLALASFASCATIIRLKFLTLYSDPGEFIYGTGKIGFWSLTEEGIGIIAGSLPALRPLLNLRIRITTTSNNTPAASNAHFEASRGKQPSSRAPIKMDTFQTLGENDFDHSDGDSQKNIIKETRYTVTSTQLQPKQSYDMGWDDKRPDHVSHV | U24: Phaeosphaeria Rhodopsin-2 | V24: Phaeosphaeria_Rhodopsin_2 | W24: O42cb98819 | X24: FALSE | Y24: PhaeoRD2 | Z24: PhaeoRD2 | AA24: Proton pump | AB24: Phaeosphaeria_Rhodopsin_2_Phaeosphaeria
A25: 24 | B25: recommeded to remove | C25: PsChR2 | E25: Platymonas subcordiformis | F25: Eukaryota | G25: cation channel | H25: non-selective cation channel | M25: GTNGAQTASNVLQWQLAAGFSILLLMFYAYQTWKSTCGWEEIYVCAIEMVKVILEFFFEFKNPSMLYLATGHRVQWLRYAEWLLTCPVILIHLSNLTGLSNDDSSRTMGLLACSIGTIVWGATSAMASGYVKVIFFCLGVYCANTFYRAQAYIKGYHTVPKGRCRQVVTGMAWLFFVSWGMFPILFILGPEGFGVLSVYGSTVGHTIIDPMSKNRCGLPGHYPRVLV | Q25: 227.0 | R25: GTNGAQTASNVLQWQLAAGFSILLLMFYAYQTWKSTCGWEEIYVCAIEMVKVILEFFFEFKNPSMLYLATGHRVQWLRYAEWLLTCPVILIHLSNLTGLSNDDSSRTMGLLACSIGTIVWGATSAMASGYVKVIFFCLGVYCANTFYRAQAYIKGYHTVPKGRCRQVVTGMAWLFFVSWGMFPILFILGPEGFGVLSVYGSTVGHTIIDPMSKNRCGLPGHYPRVLV | U25: Platymonas subcordiformis Channelrhodopsin-2 | V25: Platymonas_subcordiformis_Channelrhodopsin_2 | W25: O652bc686a | X25: FALSE | Y25: PsChR2 | Z25: PsChR2 | AA25: Cation channel | AB25: Platymonas_subcordiformis_Channelrhodopsin_2_Platymonas subcordiformis
A26: 25 | B26: include | C26: SrSRI | E26: Salinibacter ruber | F26: Bacteria | G26: regulation of transducer | H26: regulation of transducer | M26: MDPITIVYIIGTLGMLVGIPPALSLVGDEVGLDFDYLWAIPGIAALMYLLMTFDVGSVQFQGYHVPIPRYIDWALTTPLLVGYTAYIAGASRGMIAGTALADFMMIVFGLGAVVFSSTAQWVFFGLSSACHLTLLAFLYGPVRNSAFGEPPSHRRLARLLLNYVGLLWLAYPMVWLFGPGLQWVDAAGIAVIISYLDVTAKVPFIYFIYRARKNFVKVTGGEPETASGQGGAATVTSAA | Q26: 239.0 | R26: MDPITIVYIIGTLGMLVGIPPALSLVGDEVGLDFDYLWAIPGIAALMYLLMTFDVGSVQFQGYHVPIPRYIDWALTTPLLVGYTAYIAGASRGMIAGTALADFMMIVFGLGAVVFSSTAQWVFFGLSSACHLTLLAFLYGPVRNSAFGEPPSHRRLARLLLNYVGLLWLAYPMVWLFGPGLQWVDAAGIAVIISYLDVTAKVPFIYFIYRARKNFVKVTGGEPETASGQGGAATVTSAA | U26: Salinibacter ruber Sensory Rhodopsin I | V26: Salinibacter_ruber_Sensory_Rhodopsin_I | W26: O6bfd815f6 | X26: FALSE | Y26: SrSRI | Z26: SrSRI | AA26: Phototaxis | AB26: Salinibacter_ruber_Sensory_Rhodopsin_I_Salinibacter ruber
A27: 26 | B27: include | C27: VcChR1 | D27: VChR2 | E27: Volvox carteri | F27: Eukaryota | G27: cation channel | H27: non-selective cation channel | M27: MDYPVARSLIVRYPTDLGNGTVCMPRGQCYCEGWLRSRGTSIEKTIAITLQWVVFALSVACLGWYAYQAWRATCGWEEVYVALIEMMKSIIEAFHEFDSPATLWLSSGNGVVWMRYGEWLLTCPVLLIHLSNLTGLKDDYSKRTMGLLVSDVGCIVWGATSAMCTGWTKILFFLISLSYGMYTYFHAAKVYIEAFHTVPKGICRELVRVMAWTFFVAWGMFPVLFLLGTEGFGHISPYGSAIGHSILDLIAKNMWGVLGNYLRVKIHEHILLYGDIRKKQKITIAGQEMEVETLVAEEEDDTVKQSTAKYASRDSFITMRNRMREKGLEVRASLDAGGGDSGMEAGGGGAAHAQPHMAKPGTELGKTMSASFTNGAATSLEPGRVILAVPDISMVDFFREQFAQLPVPYEVVPALGAENTVQLVQQAAMLGGCDFVLMHPEFLRDRGPTGLLPQVKMMGQRTAAFGWSQMGPMRDLIESSGVGAWLEGPSFGSGISQAALQQLVVKMQQAKRMAAMGSMMGGGMGNGMGMGMGMGMGMGMGNGMGNGMGMGNGMGNGMGMGNGMGNGMGMGNGMGMGNGMGMGNGMGMGNGMGNGMGNGMGMGNGMGNGMGNGMGNGMGNGMGNGMGMGNGMGMGNGMGNGMGNGMGNGMGNGMGMMTPGAMGMGMGGMGNLAAAAGNAMYGGGGGGGGSTMGSGNAAMMTGLVMGGGNGVGAGPGGVVANLGSSALQPQSQMMGGGNVVGMSSPQLQLQQSSSMPLGGLAPNRIGNNPLFGAAPSPLHSQPGASPTGLSSPQLGMGAMLPAGTSVGAGGGSVGPTETDMLQQLMTEINRLKDELGE | Q27: 837.0 | R27: MDYPVARSLIVRYPTDLGNGTVCMPRGQCYCEGWLRSRGTSIEKTIAITLQWVVFALSVACLGWYAYQAWRATCGWEEVYVALIEMMKSIIEAFHEFDSPATLWLSSGNGVVWMRYGEWLLTCPVLLIHLSNLTGLKDDYSKRTMGLLVSDVGCIVWGATSAMCTGWTKILFFLISLSYGMYTYFHAAKVYIEAFHTVPKGICRELVRVMAWTFFVAWGMFPVLFLLGTEGFGHISPYGSAIGHSILDLIAKNMWGVLGNYLRVKIHEHILLYGDIRKKQKITIAGQEMEVETLVAEEEDDTVKQSTAKYASRDSFITMRNRMREKGLEVRASLDAGGGDSGMEAGGGGAAHAQPHMAKPGTELGKTMSASFTNGAATSLEPGRVILAVPDISMVDFFREQFAQLPVPYEVVPALGAENTVQLVQQAAMLGGCDFVLMHPEFLRDRGPTGLLPQVKMMGQRTAAFGWSQMGPMRDLIESSGVGAWLEGPSFGSGISQAALQQLVVKMQQAKRMAAMGSMMGGGMGNGMGMGMGMGMGMGMGNGMGNGMGMGNGMGNGMGMGNGMGNGMGMGNGMGMGNGMGMGNGMGMGNGMGNGMGNGMGMGNGMGNGMGNGMGNGMGNGMGNGMGMGNGMGMGNGMGNGMGNGMGNGMGNGMGMMTPGAMGMGMGGMGNLAAAAGNAMYGGGGGGGGSTMGSGNAAMMTGLVMGGGNGVGAGPGGVVANLGSSALQPQSQMMGGGNVVGMSSPQLQLQQSSSMPLGGLAPNRIGNNPLFGAAPSPLHSQPGASPTGLSSPQLGMGAMLPAGTSVGAGGGSVGPTETDMLQQLMTEINRLKDELGE | S27: 330.0 | T27: 30.0 | U27: Volvox carteri Channelrhodopsin-1 | V27: Volvox_carteri_Channelrhodopsin_1 | W27: Od1cf04ce5 | X27: FALSE | Y27: VcChR1 | Z27: VcChR1 | AA27: Cation channel | AB27: Volvox_carteri_Channelrhodopsin_1_Volvox carteri
A28: 27 | B28: include | C28: VcChR2 | D28: VChR1 | E28: Volvox carteri | F28: Eukaryota | G28: cation channel | H28: non-selective cation channel | M28: MDHPVARSLIGSSYTNLNNGSIVIPSDACFCMKWLKSKGSPVALKMANALQWAAFALSVIILIYYAYATWRTTCGWEEVYVCCVELTKVVIEFFHEFDEPGMLYLANGNRVLWLRYGEWLLTCPVILIHLSNLTGLKDDYNKRTMRLLVSDVGTIVWGATAAMSTGYIKVIFFLLGCMYGANTFFHAAKVYIESYHTVPKGLCRQLVRAMAWLFFVSWGMFPVLFLLGPEGFGHLSVYGSTIGHTIIDLLSKNCWGLLGHFLRLKIHEHILLYGDIRKVQKIRVAGEELEVETLMTEEAPDTVKKSTAQYANRESFLTMRDKLKEKGFEVRASLDNSGIDAVINHNNNYNNALANAAAAVGKPGMELSKLDHVAANAAGMGGIADHVATTSGAISPGRVILAVPDISMVDYFREQFAQLPVQYEVVPALGADNAVQLVVQAAGLGGCDFVLLHPEFLRDKSSTSLPARLRSIGQRVAAFGWSPVGPVRDLIESAGLDGWLEGPSFGLGISLPNLASLVLRMQHARKMAAMLGGMGGMLGSNLMSGSGGVGLMGAGSPGGGGGAMGVGMTGMGMVGTNAMGRGAVGNSVANASMGGGSAGMGMGMMGMVGAGVGGQQQMGANGMGPTSFQLGSNPLYNTAPSPLSSQPGGDASAAAAAAAAAAATGAASNSMNAMQAGGSVRNSGILAGGLGSMMGPPGAPAAPTAAATAAPAVTMGAPGGGGAAASEAEMLQQLMAEINRLKSELGE | Q28: 747.0 | R28: MDHPVARSLIGSSYTNLNNGSIVIPSDACFCMKWLKSKGSPVALKMANALQWAAFALSVIILIYYAYATWRTTCGWEEVYVCCVELTKVVIEFFHEFDEPGMLYLANGNRVLWLRYGEWLLTCPVILIHLSNLTGLKDDYNKRTMRLLVSDVGTIVWGATAAMSTGYIKVIFFLLGCMYGANTFFHAAKVYIESYHTVPKGLCRQLVRAMAWLFFVSWGMFPVLFLLGPEGFGHLSVYGSTIGHTIIDLLSKNCWGLLGHFLRLKIHEHILLYGDIRKVQKIRVAGEELEVETLMTEEAPDTVKKSTAQYANRESFLTMRDKLKEKGFEVRASLDNSGIDAVINHNNNYNNALANAAAAVGKPGMELSKLDHVAANAAGMGGIADHVATTSGAISPGRVILAVPDISMVDYFREQFAQLPVQYEVVPALGADNAVQLVVQAAGLGGCDFVLLHPEFLRDKSSTSLPARLRSIGQRVAAFGWSPVGPVRDLIESAGLDGWLEGPSFGLGISLPNLASLVLRMQHARKMAAMLGGMGGMLGSNLMSGSGGVGLMGAGSPGGGGGAMGVGMTGMGMVGTNAMGRGAVGNSVANASMGGGSAGMGMGMMGMVGAGVGGQQQMGANGMGPTSFQLGSNPLYNTAPSPLSSQPGGDASAAAAAAAAAAATGAASNSMNAMQAGGSVRNSGILAGGLGSMMGPPGAPAAPTAAATAAPAVTMGAPGGGGAAASEAEMLQQLMAEINRLKSELGE | S28: 330.0 | T28: 30.0 | U28: Volvox carteri Channelrhodopsin-2 | V28: Volvox_carteri_Channelrhodopsin_2 | W28: O2a0ab9171 | X28: FALSE | Y28: VcChR2 | Z28: VcChR2 | AA28: Cation channel | AB28: Volvox_carteri_Channelrhodopsin_2_Volvox carteri
A29: 28 | B29: include | C29: ZipACR | E29: Zachrysium infestans | F29: Eukaryota | G29: anion channel | H29: non-selective anion channel | M29: MAALHQALEELGQGASRHLLYRAPEEMVYGKWVEANPRCIELHDHSDYVYVFQLCFAVVCACQVIFMFTRAPNVGWEAIYLPLAEVVTYSIAANGEGVLRMADGRYFNFAKLAGWAVCCPIMLIQIGGMAQIKYRTIPLNNVVLAASLNRIIFGMASAITASDPARWGFYFCAWICYLTEVGITLTIMAVAISDFSKIKTELGQWVVGRIQTMRIIFLVAWTSFPVVWVLGYTGFCVIHEDYIALLYLFADLLSKNTWGVMMWHTTWVKLNGKWDREFAAAGGHEALKKALEQDVEIGAGEKNQNQLTARQ | Q29: 311.0 | R29: MAALHQALEELGQGASRHLLYRAPEEMVYGKWVEANPRCIELHDHSDYVYVFQLCFAVVCACQVIFMFTRAPNVGWEAIYLPLAEVVTYSIAANGEGVLRMADGRYFNFAKLAGWAVCCPIMLIQIGGMAQIKYRTIPLNNVVLAASLNRIIFGMASAITASDPARWGFYFCAWICYLTEVGITLTIMAVAISDFSKIKTELGQWVVGRIQTMRIIFLVAWTSFPVVWVLGYTGFCVIHEDYIALLYLFADLLSKNTWGVMMWHTTWVKLNGKWDREFAAAGGHEALKKALEQDVEIGAGEKNQNQLTARQ | U29: Zachrysium infestans Anion Channelrhodopsin | V29: Zachrysium_infestans_Anion_Channelrhodopsin | W29: O6e2b9cfeb | X29: FALSE | Y29: ZipACR | Z29: ZipACR | AA29: Anion channel | AB29: Zachrysium_infestans_Anion_Channelrhodopsin_Zachrysium infestans
A30: 29 | B30: include | C30: NeoR | E30: Rhizoclosmatium globosum | F30: Eukaryota | G30: regulation of guanylyl cyclase | H30: regulation of guanylyl cyclase | M30: MSALTKARDALANTSAKDPYHEAKPMGFVWLNFGMWLAAVGYTIHQRLFGGYHTKAVDRGNSDFIYKGTTFVFIVAVCFTYLGYIGTKSAAKKSMTFVLMMTCGVVATSWFLLYLRAGITLLDGAGHPVDIIRHLEWAHDEANLAYFLGLLTSADQWTIGRTILESHGLLLFGFLASIARHPYDELFATISMCIYLACLQDIISMFQKAIDGEVDNKVDTWTLRRCRDITIFAWSYITLAWYLVRHGFWSFETGELHIALGEFCAKVVLMLIFVNNSVEEAQINTVSQMETLTSSLDEQMAASDKLLEKLIPAGVLDQLKSGKATGAEEYSCVTVFFSDIANFTPLSQRTSTKDMLASLNNMWIEYDKISKKWGMYKVETIGDAFLGVVGAPDRVPDHAERAAEFSIDIIDMIKDFRLVTGEPIQIRAGLNSGPVTAGILGESNPHWCIVGDTVTIASKMEATSKHMKIHIAESTFNLIKSSGKFRTSDSEPVTIKGNVINTFFIEGRA | Q30: 509.0 | R30: MSALTKARDALANTSAKDPYHEAKPMGFVWLNFGMWLAAVGYTIHQRLFGGYHTKAVDRGNSDFIYKGTTFVFIVAVCFTYLGYIGTKSAAKKSMTFVLMMTCGVVATSWFLLYLRAGITLLDGAGHPVDIIRHLEWAHDEANLAYFLGLLTSADQWTIGRTILESHGLLLFGFLASIARHPYDELFATISMCIYLACLQDIISMFQKAIDGEVDNKVDTWTLRRCRDITIFAWSYITLAWYLVRHGFWSFETGELHIALGEFCAKVVLMLIFVNNSVEEAQINTVSQMETLTSSLDEQMAASDKLLEKLIPAGVLDQLKSGKATGAEEYSCVTVFFSDIANFTPLSQRTSTKDMLASLNNMWIEYDKISKKWGMYKVETIGDAFLGVVGAPDRVPDHAERAAEFSIDIIDMIKDFRLVTGEPIQIRAGLNSGPVTAGILGESNPHWCIVGDTVTIASKMEATSKHMKIHIAESTFNLIKSSGKFRTSDSEPVTIKGNVINTFFIEGRA | S30: 287.0 | T30: 12.0 | U30: Neorhodopsin | V30: Neorhodopsin | W30: O46c416e81 | X30: FALSE | Y30: NeoR | Z30: NeoR | AA30: Cyclase | AB30: Neorhodopsin_Rhizoclosmatium globosum
A31: 30 | B31: include | C31: HsBR | D31: bacteriorhodopsin | E31: Halobacterium salinarum | F31: Archaea | G31: outward proton pump | H31: outward proton pump | I31: 1C3W | J31: X-ray | K31: 45809 | L31: Luecke et al., JMB, 1999 | N31: 1C3W | O31: TGRPEWIWLALGTALMGLGTLYFLVKGMGVSDPDAKKFYAITTLVPAIAFTMYLSMLLGYGLTMVPFGGEQNPIYWARYADWLFTTPLLLLDLALLVDADQGTILALVGADGIMIGTGLVGALTKVYSYRFVWWAISTAAMLYILYVLFFGFSMRPEVASTFKVLRNVTVVLWSAYPVVWLIGSEGAGIVPLNIETLLFMVLDVSAKVGFGLILLRSRAIFG | P31: P02945 | Q31: 222.0 | R31: TGRPEWIWLALGTALMGLGTLYFLVKGMGVSDPDAKKFYAITTLVPAIAFTMYLSMLLGYGLTMVPFGGEQNPIYWARYADWLFTTPLLLLDLALLVDADQGTILALVGADGIMIGTGLVGALTKVYSYRFVWWAISTAAMLYILYVLFFGFSMRPEVASTFKVLRNVTVVLWSAYPVVWLIGSEGAGIVPLNIETLLFMVLDVSAKVGFGLILLRSRAIFG | U31: HsBR | V31: HsBR | W31: O21386786a | X31: TRUE | Y31: HsBR | Z31: HsBR | AA31: Proton pump | AB31: HsBR_Halobacterium salinarum
A32: 31 | B32: include | C32: archaerhodopsin-1 | D32: AR1 | E32: Halorubrum ezzemoulense | F32: Archaea | G32: outward proton pump | H32: outward proton pump | I32: 1UAZ | J32: X-ray | K32: 45750 | L32: Enami et al., J Photosci., 2003 | N32: 1UAZ | O32: TAAVGADLLGDGRPETLWLGIGTLLMLIGTFYFIVKGWGVTDKEAREYYSITILVPGIASAAYLSMFFGIGLTEVQVGSEMLDIYYARYADWLFTTPLLLLDLALLAKVDRVSIGTLVGVDALMIVTGLVGALSHTPLARYTWWLFSTICMIVVLYFLATSLRAAAKERGPEVASTFNTLTALVLVLWTAYPILWIIGTEGAGVVGLGIETLLFMVLDVTAKVGFGFILLRSRAIL | P32: P69051 | Q32: 236.0 | R32: TAAVGADLLGDGRPETLWLGIGTLLMLIGTFYFIVKGWGVTDKEAREYYSITILVPGIASAAYLSMFFGIGLTEVQVGSEMLDIYYARYADWLFTTPLLLLDLALLAKVDRVSIGTLVGVDALMIVTGLVGALSHTPLARYTWWLFSTICMIVVLYFLATSLRAAAKERGPEVASTFNTLTALVLVLWTAYPILWIIGTEGAGVVGLGIETLLFMVLDVTAKVGFGFILLRSRAIL | U32: archaerhodopsin-1 | V32: archaerhodopsin_1 | W32: Oba4f6277e | X32: TRUE | Y32: AR1 | Z32: AR1 | AA32: Proton pump | AB32: archaerhodopsin_1_Halorubrum ezzemoulense
A33: 32 | B33: include | C33: archaerhodopsin-2 | D33: AR2 | E33: Halobacterium sp. AUS-2 | F33: Archaea | G33: outward proton pump | H33: outward proton pump | I33: 1VGO | J33: X-ray | K33: 45779 | L33: Enami et al., JMB., 2006 | N33: 1VGO | O33: DLLNDGRPETLWLGIGTLLMLIGTFYFIARGWGVTDKEAREYYAITILVPGIASAAYLAMFFGIGVTEVELASGTVLDIYYARYADWLFTTPLLLLDLALLAKVDRVTIGTLIGVDALMIVTGLIGALSKTPLARYTWWLFSTIAFLFVLYYLLTSLRSAAAKRSEEVRSTFNTLTALVAVLWTAYPILWIVGTEGAGVVGLGIETLAFMVLDVTAKVGFGFVLLRSRAILGETE | P33: P29563 | Q33: 235.0 | R33: DLLNDGRPETLWLGIGTLLMLIGTFYFIARGWGVTDKEAREYYAITILVPGIASAAYLAMFFGIGVTEVELASGTVLDIYYARYADWLFTTPLLLLDLALLAKVDRVTIGTLIGVDALMIVTGLIGALSKTPLARYTWWLFSTIAFLFVLYYLLTSLRSAAAKRSEEVRSTFNTLTALVAVLWTAYPILWIVGTEGAGVVGLGIETLAFMVLDVTAKVGFGFVLLRSRAILGETE | U33: archaerhodopsin-2 | V33: archaerhodopsin_2 | W33: O19e22f4f9 | X33: TRUE | Y33: AR2 | Z33: AR2 | AA33: Proton pump | AB33: archaerhodopsin_2_Halobacterium sp. AUS-2
A34: 33 | B34: include | C34: archaerhodopsin-3 | D34: Arch, AR3 | E34: Halorubrum sodomense | F34: Archaea | G34: outward proton pump | H34: outward proton pump | I34: 6GUX | J34: X-ray | K34: 45717 | L34: Bada Juarez et al., Nat Commun., 2021 | N34: 6GUX | O34: AGYDLLGDGRPETLWLGIGTLLMLIGTFYFLVRGWGVTDKDAREYYAVTILVPGIASAAYLSMFFGIGLTEVTVGGEMLDIYYARYADWLFTTPLLLLDLALLAKVDRVTIGTLVGVDALMIVTGLIGALSHTAIARYSWWLFSTICMIVVLYFLATSLRSAAKERGPEVASTFNTLTALVLVLWTAYPILWIIGTEGAGVVGLGIETLLFMVLDVTAKVGFGFILLRSRAILGDTEAPE | P34: P96787 | Q34: 240.0 | R34: AGYDLLGDGRPETLWLGIGTLLMLIGTFYFLVRGWGVTDKDAREYYAVTILVPGIASAAYLSMFFGIGLTEVTVGGEMLDIYYARYADWLFTTPLLLLDLALLAKVDRVTIGTLVGVDALMIVTGLIGALSHTAIARYSWWLFSTICMIVVLYFLATSLRSAAKERGPEVASTFNTLTALVLVLWTAYPILWIIGTEGAGVVGLGIETLLFMVLDVTAKVGFGFILLRSRAILGDTEAPE | U34: archaerhodopsin-3 | V34: archaerhodopsin_3 | W34: Of0c145803 | X34: TRUE | Y34: Arch, AR3 | Z34: AR3 | AA34: Proton pump | AB34: archaerhodopsin_3_Halorubrum sodomense
A35: 34 | B35: include | C35: deltarhodopsin-3 | D35: dR3 | E35: Natrinema thermotolerans | F35: Archaea | G35: outward proton pump | H35: outward proton pump | I35: 4FBZ | J35: X-ray | K35: 45840 | L35: Zhang et al., Proteins, 2013 | N35: 4FBZ | O35: MAATVGPESIWLWIGTIGMTLGTLYFVGRGRGVRDRKMQEFYIITTFITTIAAAMYFAMATGFGVTEVVVGDEALTIYWARYADWLFTTPLLLLDLGLLAGANRNTIATLIGLDVFMIGTGMIAAFAATPGTRIAWWGISTGALLALLYVLVGTLSKDARGQSPEVASLFGRLRNLVIVLWLLYPVVWILGTEGTFGILPLYWETAAFMVLDLSAKVGFGVVLLRSRSVLRRVVTPTA | P35: I4DST7 | Q35: 238.0 | R35: MAATVGPESIWLWIGTIGMTLGTLYFVGRGRGVRDRKMQEFYIITTFITTIAAAMYFAMATGFGVTEVVVGDEALTIYWARYADWLFTTPLLLLDLGLLAGANRNTIATLIGLDVFMIGTGMIAAFAATPGTRIAWWGISTGALLALLYVLVGTLSKDARGQSPEVASLFGRLRNLVIVLWLLYPVVWILGTEGTFGILPLYWETAAFMVLDLSAKVGFGVVLLRSRSVLRRVVTPTA | U35: deltarhodopsin-3 | V35: deltarhodopsin_3 | W35: Oa63776b5e | X35: TRUE | Y35: dR3 | Z35: dR3 | AA35: Proton pump | AB35: deltarhodopsin_3_Natrinema thermotolerans
A36: 35 | B36: include | C36: cruxrhodopsin-3 | D36: cR3, Cop3 | E36: Haloarcula vallismortis | F36: Archaea | G36: outward proton pump | H36: outward proton pump | I36: 4JR8 | J36: X-ray | K36: 45718 | L36: Chan et al., PLOS ONE, 2014 | N36: 4JR8 | O36: PEGEAIWLWLGTAGMFLGMLYFIARGWGETDSRRQKFYIATILITAIAFVNYLAMALGFGLTIVEIAGEQRPIYWARYSDWLFTTPLLLYDLGLLAGADRNTISSLVSLDVLMIGTGLVATLSAGSGVLSAGAERLVWWGISTAFLLVLLYFLFSSLSGRVADLPSDTRSTFKTLRNLVTVVWLVYPVWWLVGTEGIGLVGIGIETAGFMVIDLVAKVGFGIILLRSHGVLDGA | P36: P94854 | Q36: 234.0 | R36: PEGEAIWLWLGTAGMFLGMLYFIARGWGETDSRRQKFYIATILITAIAFVNYLAMALGFGLTIVEIAGEQRPIYWARYSDWLFTTPLLLYDLGLLAGADRNTISSLVSLDVLMIGTGLVATLSAGSGVLSAGAERLVWWGISTAFLLVLLYFLFSSLSGRVADLPSDTRSTFKTLRNLVTVVWLVYPVWWLVGTEGIGLVGIGIETAGFMVIDLVAKVGFGIILLRSHGVLDGA | U36: cruxrhodopsin-3 | V36: cruxrhodopsin_3 | W36: O46bf847f3 | X36: TRUE | Y36: cR3, Cop3 | Z36: cR3 | AA36: Proton pump | AB36: cruxrhodopsin_3_Haloarcula vallismortis
A37: 36 | B37: include | C37: HmBRI-D94N | D37: Haloarcula marismortui bacteriorhodopsin I D94N | E37: Haloarcula marismortui ATCC 43049 | F37: Archaea | G37: outward proton pump | H37: outward proton pump | I37: 4PXK | J37: X-ray | K37: 45779 | L37: Shevchenko et al., PLOS ONE, 2014 | N37: 4PXK | O37: APGSEGIWLWLGTAGMFLGMLYFIARGWGETDGRRQKFYIATILITAIAFVNYLAMALGFGLTFIEFGGEQHPIYWARYTDWLFTTPLLLYNLGLLAGADRNTIYSLVSLDVLMIGTGVVATLSAGSGVLSAGAERLVWWGISTAFLLVLLYFLFSSLSGRVANLPSDTRSTFKTLRNLVTVVWLVYPVWWLVGSEGLGLVGIGIETAGFMVIDLVAKVGFGIILLRSHGVLDGAA | P37: Q5UXY6 | Q37: 236.0 | R37: APGSEGIWLWLGTAGMFLGMLYFIARGWGETDGRRQKFYIATILITAIAFVNYLAMALGFGLTFIEFGGEQHPIYWARYTDWLFTTPLLLYNLGLLAGADRNTIYSLVSLDVLMIGTGVVATLSAGSGVLSAGAERLVWWGISTAFLLVLLYFLFSSLSGRVANLPSDTRSTFKTLRNLVTVVWLVYPVWWLVGSEGLGLVGIGIETAGFMVIDLVAKVGFGIILLRSHGVLDGAA | U37: HmBRI-D94N | V37: HmBRI_D94N | W37: O71a387ec0 | X37: TRUE | Y37: HmBRI | Z37: HmBRI-D94N | AA37: Proton pump | AB37: HmBRI_D94N_Haloarcula marismortui ATCC 43049
A38: 37 | B38: include | C38: HwBR | E38: Haloquadratum walsbyi DSM 16790 | F38: Archaea | G38: outward proton pump | H38: outward proton pump | I38: 5KKH | J38: X-ray | K38: 45659 | L38: Broecker et al., Cryst Growth Des, 2016 | N38: 5KHH | O38: SSRRQYQEKYKQVEQYMSFHKLPADFRQKIHDYYEHRYQGKMFDEDSILGELNGPLREEIVNFNRKLVASMPLFANADPNFVTAMLTKLKFEVFQPGDYIIREGTIGKKMYFIQHGVVSVLTKGNKEMKLSDGSYFGEICLLTRGRRTASVRADTYCRLYSLSVDNFNEVLEEYPMMRRAFETVAIDRLDRIGK | P38: O88703 | Q38: 194.0 | R38: SSRRQYQEKYKQVEQYMSFHKLPADFRQKIHDYYEHRYQGKMFDEDSILGELNGPLREEIVNFNRKLVASMPLFANADPNFVTAMLTKLKFEVFQPGDYIIREGTIGKKMYFIQHGVVSVLTKGNKEMKLSDGSYFGEICLLTRGRRTASVRADTYCRLYSLSVDNFNEVLEEYPMMRRAFETVAIDRLDRIGK | U38: HwBR | V38: HwBR | W38: O55bb59799 | X38: TRUE | Y38: HwBR | Z38: HwBR | AA38: Proton pump | AB38: HwBR_Haloquadratum walsbyi DSM 16790
A39: 38 | B39: include | C39: GR | D39: Gloeobacter rhodopsin | E39: Gloeobacter violaceus PCC 7421 | F39: Bacteria | G39: outward proton pump | H39: outward proton pump | I39: 6NWD | J39: X-ray | K39: 2.0 | L39: Morizumi et al., Sci. Rep., 2019 | N39: 6NWD | O39: DSLTYGQFNLVYNAFSFAIAAMFASALFFFSAQALVGQRYRLALLVSAIVVSIAGYHYFRIFNSWDAAYVLENGVYSLTSEKFNDAYRYVDWLLTVPLLLVETVAVLTLPAKEARPLLIKLTVASVLMIATGYPGEISDDITTRIIWGTVSTIPFAYILYVLWVELSRSLVRQPAAVQTLVRNMRWLLLLSWGVYPIAYLLPMLGVSGTSAAVGVQVGYTIADVLAKPVFGLLVFAIALVKTKADQ | P39: Q7NP59 | Q39: 246.0 | R39: DSLTYGQFNLVYNAFSFAIAAMFASALFFFSAQALVGQRYRLALLVSAIVVSIAGYHYFRIFNSWDAAYVLENGVYSLTSEKFNDAYRYVDWLLTVPLLLVETVAVLTLPAKEARPLLIKLTVASVLMIATGYPGEISDDITTRIIWGTVSTIPFAYILYVLWVELSRSLVRQPAAVQTLVRNMRWLLLLSWGVYPIAYLLPMLGVSGTSAAVGVQVGYTIADVLAKPVFGLLVFAIALVKTKADQ | U39: GR | V39: GR | W39: Of214a7d42 | X39: TRUE | Y39: GR | Z39: GR | AA39: Proton pump | AB39: GR_Gloeobacter violaceus PCC 7421
A40: 39 | B40: include | C40: TR | D40: thermophilic rhodopsin | E40: Thermus thermophilus JL-18 | F40: Bacteria | G40: outward proton pump | H40: outward proton pump | I40: 5AZD | J40: X-ray | K40: 45810 | L40: Tsukamoto et al., JBC, 2016 | N40: 5AZD | O40: MLPELSFGEYWLVFNMLSLTIAGMLAAFVFFLLARSYVAPRYHIALYLSALIVFIAGYHYLRIFESWVGAYQLQDGVYVPTGKPFNDFYRYADWLLTVPLLLLELILVLGLTAARTWNLSIKLVVASVLMLALGYVGEVNTEPGPRTLWGALSSIPFFYILYVLWVELGQAIREAKFGPRVLELLGATRLVLLMSWGFYPIAYALGTWLPGGAAQEVAIQIGYSLADLIAPIYGLLVFAIARAKSLEEGF | P40: H9ZSC3 | Q40: 250.0 | R40: MLPELSFGEYWLVFNMLSLTIAGMLAAFVFFLLARSYVAPRYHIALYLSALIVFIAGYHYLRIFESWVGAYQLQDGVYVPTGKPFNDFYRYADWLLTVPLLLLELILVLGLTAARTWNLSIKLVVASVLMLALGYVGEVNTEPGPRTLWGALSSIPFFYILYVLWVELGQAIREAKFGPRVLELLGATRLVLLMSWGFYPIAYALGTWLPGGAAQEVAIQIGYSLADLIAPIYGLLVFAIARAKSLEEGF | U40: TR | V40: TR | W40: Oebe021079 | X40: TRUE | Y40: TR | Z40: TR | AA40: Proton pump | AB40: TR_Thermus thermophilus JL-18
A41: 40 | B41: include | C41: XR | D41: Xanthorhodopsin | E41: Salinibacter ruber | F41: Bacteria | G41: outward proton pump | H41: outward proton pump | I41: 3DDL | J41: X-ray | K41: 45901 | L41: Luecke et al., PNAS, 2008 | N41: 3DDL | O41: ELPTLTPGQYSLVFNMFSFTVATMTASFVFFVLARNNVAPKYRISMMVSALVVFIAGYHYFRITSSWEAAYALQNGMYQPTGELFNDAYRYVDWLLTVPLLTVELVLVMGLPKNERGPLAAKLGFLAALMIVLGYPGEVSENAALFGTRGLWGFLSTIPFVWILYILFTQLGDTIQRQSSRVSTLLGNARLLLLATWGFYPIAYMIPMPSNTPGTIVALQVGYTIADVLAKAGYGVLIYNIAKAKSEEEGFN | P41: Q2S2F8 | Q41: 252.0 | R41: ELPTLTPGQYSLVFNMFSFTVATMTASFVFFVLARNNVAPKYRISMMVSALVVFIAGYHYFRITSSWEAAYALQNGMYQPTGELFNDAYRYVDWLLTVPLLTVELVLVMGLPKNERGPLAAKLGFLAALMIVLGYPGEVSENAALFGTRGLWGFLSTIPFVWILYILFTQLGDTIQRQSSRVSTLLGNARLLLLATWGFYPIAYMIPMPSNTPGTIVALQVGYTIADVLAKAGYGVLIYNIAKAKSEEEGFN | U41: XR | V41: XR | W41: O6e029fb0c | X41: TRUE | Y41: XR | Z41: XR | AA41: Proton pump | AB41: XR_Salinibacter ruber
A42: 41 | B42: include | C42: RxR | E42: Rubrobacter xylanophilus DSM 9941 | F42: Bacteria | G42: outward proton pump | H42: outward proton pump | I42: 6KFQ | J42: X-ray | K42: 45870 | L42: Hayashi et al., J Phys Chem B, 2020 | N42: 6KFQ | O42: MEALWLWIGFVGMLLGTLYFAFLLTNAPEGTRYFFVITATITGIAAIAYLVMATGSGSTVLPDGREFYWARYIDWVITTPLLLLDLCLLALADPRRNVTFIASLIALDVVMILTGLWAGATVNVAGRAILFIISTAAFIGVLYLLVSRLFAEASRRTPAVAQIFRTLAVLTIVLWICYPIVWLIGTEGFGAVSLSVEVFLFMVLDLLAKVGFGLLLLSSRQALSDIGSG | P42: Q1AUE6 | Q42: 229.0 | R42: MEALWLWIGFVGMLLGTLYFAFLLTNAPEGTRYFFVITATITGIAAIAYLVMATGSGSTVLPDGREFYWARYIDWVITTPLLLLDLCLLALADPRRNVTFIASLIALDVVMILTGLWAGATVNVAGRAILFIISTAAFIGVLYLLVSRLFAEASRRTPAVAQIFRTLAVLTIVLWICYPIVWLIGTEGFGAVSLSVEVFLFMVLDLLAKVGFGLLLLSSRQALSDIGSG | U42: RxR | V42: RxR | W42: O9bf555c17 | X42: TRUE | Y42: RxR | Z42: RxR | AA42: Proton pump | AB42: RxR_Rubrobacter xylanophilus DSM 9941
A43: 42 | B43: include | C43: Med12BPR | E43: uncultured bacterium | F43: Bacteria | G43: outward proton pump | H43: outward proton pump | I43: 4JQ6 | J43: X-ray | K43: 45718 | L43: Ran et al., Acta Crystallogr D Biol Crystallogr, 2013 | N43: 4JQ6 | O43: DYVGISFWLAAAIMLASTVFFFVERSDVPVKWKTSLTVAGLVTGVAFWHYLYMRGVWIYAGETPTVFRYIDWLITVPLQIIEFYLIIAAAVFWKLLIASLVMLIGGFIGEAGLGDVVVWWIVGMIAWLYIIYEIFLGAASQQAFNTIKWIVTVGWAIYPIGYAWGYFGDGLNEDALNIVYNLADLINKAAFGLAIWAAAMKDK | P43: Q4PP54 | Q43: 203.0 | R43: DYVGISFWLAAAIMLASTVFFFVERSDVPVKWKTSLTVAGLVTGVAFWHYLYMRGVWIYAGETPTVFRYIDWLITVPLQIIEFYLIIAAAVFWKLLIASLVMLIGGFIGEAGLGDVVVWWIVGMIAWLYIIYEIFLGAASQQAFNTIKWIVTVGWAIYPIGYAWGYFGDGLNEDALNIVYNLADLINKAAFGLAIWAAAMKDK | U43: Med12BPR | V43: Med12BPR | W43: O34c1e6315 | X43: TRUE | Y43: Med12BPR | Z43: Med12BPR | AA43: Proton pump | AB43: Med12BPR_uncultured bacterium
A44: 43 | B44: include | C44: HOT75BPR-D97N | E44: gamma proteobacterium 'Hot 75m4 | F44: Bacteria | G44: outward proton pump | H44: outward proton pump | I44: 4KLY | J44: X-ray | K44: 45840 | L44: Ran et al., Acta Crystallogr D Biol Crystallogr, 2013 | N44: 4KLY | O44: GDLDISDTVGVSFWLVTAGLAATVFFFVERDQVSAKWKTSLTVSGLITGIAFWHYLYRGVWIDTGDTPTVFRYINWLLTVPLQVVEFYLILAACTSVAASLFKKLLAGSLVLGAGFAGEAGLAPVLPAFIIGAGWLYIYELYGEGKAAVSTASPAVNSAYNAIIVVGWAIYPAGYAAGYLVYASNLNLIYNLADFVNKILFGLIIWNVAVKESSNALEHHH | P44: Q9AFF7 | Q44: 221.0 | R44: GDLDISDTVGVSFWLVTAGLAATVFFFVERDQVSAKWKTSLTVSGLITGIAFWHYLYRGVWIDTGDTPTVFRYINWLLTVPLQVVEFYLILAACTSVAASLFKKLLAGSLVLGAGFAGEAGLAPVLPAFIIGAGWLYIYELYGEGKAAVSTASPAVNSAYNAIIVVGWAIYPAGYAAGYLVYASNLNLIYNLADFVNKILFGLIIWNVAVKESSNALEHHH | U44: HOT75BPR-D97N | V44: HOT75BPR_D97N | W44: O87fbcd72d | X44: TRUE | Y44: HOT75BPR-D97N | Z44: H75BPR-D97N | AA44: Proton pump | AB44: HOT75BPR_D97N_gamma proteobacterium 'Hot 75m4
A45: 44 | B45: include | C45: GPR-A18L | E45: uncultured Gammaproteobacteria bacterium | F45: Bacteria | G45: outward proton pump | H45: outward proton pump | I45: 8CQC | J45: cryo-EM | K45: 45871 | L45: Hirschi et al., Nat Commun., 2024 | N45: 8CQC | O45: DASDYTGVSFWLVTAALLASTVFFFVERDRVSAKWKTSLTVSGLVTGIAFWHYMYMRGVWIETGDSPTVFRYIDWLLTVPLLICEFYLILAAATNVAGSLFKKLLVGSLVMLVFGYMGEAGIMAAWPAFIIGCLAWVYMIYELWAGEGKSACNTASPAVQSAYNTMMYIIIFGWAIYPVGYFTGYLNLNLIYNLADFVNKILFGLIIWNVAVKESSN | P45: Q6J4G7 | Q45: 217.0 | R45: DASDYTGVSFWLVTAALLASTVFFFVERDRVSAKWKTSLTVSGLVTGIAFWHYMYMRGVWIETGDSPTVFRYIDWLLTVPLLICEFYLILAAATNVAGSLFKKLLVGSLVMLVFGYMGEAGIMAAWPAFIIGCLAWVYMIYELWAGEGKSACNTASPAVQSAYNTMMYIIIFGWAIYPVGYFTGYLNLNLIYNLADFVNKILFGLIIWNVAVKESSN | U45: GPR-A18L | V45: GPR_A18L | W45: Oc98c7da8d | X45: TRUE | Y45: GPR-A18L | Z45: GPR-A18L | AA45: Proton pump | AB45: GPR_A18L_uncultured Gammaproteobacteria bacterium
A46: 45 | B46: include | C46: ESR | E46: Exiguobacterium artemiae | F46: Bacteria | G46: outward proton pump | H46: outward proton pump | I46: 4HYJ | J46: X-ray | K46: 45718 | L46: Gushchin et al., PNAS, 2013 | N46: 4HYJ | O46: EVNLLVLATQYMFWVGFVGMAAGTLYFLVERNSLAPEYRSTATVAALVTFVAAIHYYFMKDAVGTSGLLSEIDGFPTEIRYIDWLVTTPLLLVKFPLLLGRLGRPLLTKLVIADVIMIVGGYIGESSINIAGGFTQLGLWSYLIGCFAWIYIIYLLFTNVTKAAENKPAPIRDALLKMRLFILIGWAIYPIGYAVTLFAPGVEIQLVRELIYNFADLTNKVGFGLIAFFAVKTMSS | P46: B1YFV8 | Q46: 236.0 | R46: EVNLLVLATQYMFWVGFVGMAAGTLYFLVERNSLAPEYRSTATVAALVTFVAAIHYYFMKDAVGTSGLLSEIDGFPTEIRYIDWLVTTPLLLVKFPLLLGRLGRPLLTKLVIADVIMIVGGYIGESSINIAGGFTQLGLWSYLIGCFAWIYIIYLLFTNVTKAAENKPAPIRDALLKMRLFILIGWAIYPIGYAVTLFAPGVEIQLVRELIYNFADLTNKVGFGLIAFFAVKTMSS | U46: ESR | V46: ESR | W46: O82a52e1d2 | X46: TRUE | Y46: ESR | Z46: ESR | AA46: Proton pump | AB46: ESR_Exiguobacterium artemiae
A47: 46 | B47: include | C47: MacR | E47: Candidatus Actinomarina minuta | F47: Bacteria | G47: outward proton pump | H47: outward proton pump | I47: 7AVN | J47: X-ray | K47: 45809 | L47: unpublished??? | N47: 7AVN | O47: MEELTYRLFMVATVGMLAGTVFLLASSREVKPEHRRGVYISALVCGIAWYHYQKMGASWESGSYDTGLRYVDWVLTVPLMFVEVLAVTRKGAAYNEAVRNWGIAATVMIGAGYYGETSAAGSNEYWTGFVIAMATYVWLMRNLQAEGEGLKGDQAVAFENIKNLILVGWIIYPLGYIAPVVGDFDAIREVLYTIADIINVGLGVLVLQMARVQSGE | P47: S5DM51 | Q47: 216.0 | R47: MEELTYRLFMVATVGMLAGTVFLLASSREVKPEHRRGVYISALVCGIAWYHYQKMGASWESGSYDTGLRYVDWVLTVPLMFVEVLAVTRKGAAYNEAVRNWGIAATVMIGAGYYGETSAAGSNEYWTGFVIAMATYVWLMRNLQAEGEGLKGDQAVAFENIKNLILVGWIIYPLGYIAPVVGDFDAIREVLYTIADIINVGLGVLVLQMARVQSGE | U47: MacR | V47: MacR | W47: Ob29057596 | X47: TRUE | Y47: MacR | Z47: MacR | AA47: Proton pump | AB47: MacR_Candidatus Actinomarina minuta
A48: 47 | B48: include | C48: VirR DTS | E48: Phaeocystis globosa virus 12T | F48: Virus | G48: outward proton pump | H48: outward proton pump | I48: 6JO0 | J48: X-ray | K48: 45839 | L48: Needham et al., PNAS., 2019 | N48: 6JO0 | O48: ENSFIVKNTMIFSFLIQIITLIIGIFAQFIKVPRHKYILKDALLLENIVQFIEAIFYLWFIYFYKENVDKIDIAKYRYYDWFLTTPTMILSVIIYFHYNNSSKKIYYNMITFFKQDFRKILELWFYNFNMLIIGYLQEINIISILLSTLIGFYFFGLLFYKMFKYYVVQNKKNYLLFFLMFFIWGLYGIAALFNYKFKNAFYNILDIFSKNFFGLFLAYLVFTG | P48: G8DI69 | Q48: 224.0 | R48: ENSFIVKNTMIFSFLIQIITLIIGIFAQFIKVPRHKYILKDALLLENIVQFIEAIFYLWFIYFYKENVDKIDIAKYRYYDWFLTTPTMILSVIIYFHYNNSSKKIYYNMITFFKQDFRKILELWFYNFNMLIIGYLQEINIISILLSTLIGFYFFGLLFYKMFKYYVVQNKKNYLLFFLMFFIWGLYGIAALFNYKFKNAFYNILDIFSKNFFGLFLAYLVFTG | U48: VirR DTS | V48: VirR_DTS | W48: Oac2e063ab | X48: TRUE | Y48: VirR DTS | Z48: VirR | AA48: Proton pump | AB48: VirR_DTS_Phaeocystis globosa virus 12T
A49: 48 | B49: include | C49: CyR N2098R | D49: cyanorhodopsin N2098R | E49: Calothrix sp. NIES-2098 | F49: Bacteria | G49: outward proton pump | H49: outward proton pump | I49: 6LM0 | J49: X-ray | K49: 45840 | L49: Hasegawa et al., Sci Rep., 2020 | N49: 6LM0 | O49: SGMTQFWLWVGFIGMVIGCIYFGMKASAMRRREGMEFPLESFFITLWAAALYLTMILGETVTPINGQTVFWGRYIDWVVTTPLLLMELGVIAGLRPKLIAGVMGADIFMIVTGFIGAVEAPPYNYLWWLISTGSFLAILGSLLTEYSASAKRRNGRINSLFQTLRNILIVLWICYPIVWILGAEGFHVISVGWETLCYSVLDVCAKVGFGFVVVSAGNETLAQASNSDRIMETVHSYMQSEE | P49: A0A1Z4FUT4 | Q49: 242.0 | R49: SGMTQFWLWVGFIGMVIGCIYFGMKASAMRRREGMEFPLESFFITLWAAALYLTMILGETVTPINGQTVFWGRYIDWVVTTPLLLMELGVIAGLRPKLIAGVMGADIFMIVTGFIGAVEAPPYNYLWWLISTGSFLAILGSLLTEYSASAKRRNGRINSLFQTLRNILIVLWICYPIVWILGAEGFHVISVGWETLCYSVLDVCAKVGFGFVVVSAGNETLAQASNSDRIMETVHSYMQSEE | U49: CyR N2098R | V49: CyR_N2098R | W49: O44e64517b | X49: TRUE | Y49: cyanorhodopsin N2098R | Z49: cyR-N2098R | AA49: Proton pump | AB49: CyR_N2098R_Calothrix sp. NIES-2098
A50: 49 | B50: include | C50: CyR N4075R | D50: cyanorhodopsin N4075R | E50: Tolypothrix sp. NIES-4075 | F50: Bacteria | G50: outward proton pump | H50: outward proton pump | I50: 6LM1 | J50: X-ray | K50: 45901 | L50: Hasegawa et al., Sci Rep., 2020 | N50: 6LM1 | O50: GMTQLALIGLWIGFIGMVIGAVIFGQKAVAMRRKEGMEFPLKSFFIVLWAGALYLTMILGETVTPVQTVFWGRYVDWVVTTPVLLLDLGVLAGLRPKLIAGVIAADIFMILTGLVATLEAPPTSYLWYIISCGAFIAILASLLTEFTASAARRNVRVNNLFLKLRNYLIVLWICYPIVWLLGAEAFKIIPTGVEVVIYAIIDIAAKVGFGLILTSAAPEILAQASN | P50: A0A218QMM7 | Q50: 226.0 | R50: GMTQLALIGLWIGFIGMVIGAVIFGQKAVAMRRKEGMEFPLKSFFIVLWAGALYLTMILGETVTPVQTVFWGRYVDWVVTTPVLLLDLGVLAGLRPKLIAGVIAADIFMILTGLVATLEAPPTSYLWYIISCGAFIAILASLLTEFTASAARRNVRVNNLFLKLRNYLIVLWICYPIVWLLGAEAFKIIPTGVEVVIYAIIDIAAKVGFGLILTSAAPEILAQASN | U50: CyR N4075R | V50: CyR_N4075R | W50: O350b1f525 | X50: TRUE | Y50: cyanorhodopsin N4075R | Z50: cyR-N4075R | AA50: Proton pump | AB50: CyR_N4075R_Tolypothrix sp. NIES-4075
A51: 50 | B51: include | C51: CyR-II P7104R | D51: cyanorhodopsin-II P7104R | E51: Nodosilinea nodulosa PCC 7104 | F51: Bacteria | G51: outward proton pump | H51: outward proton pump | I51: 8H79 | J51: X-ray | K51: 45659 | L51: Hasegawa et al., ISME J, 2024 | N51: 8H79 | O51: MNLLSQVSFWVGCGILAFGSIVFGLGAWNAKRQSWEEFYIVHFTVTTVAACAYLAMAMGQGEITLQNTDLAAEGVRHIYWARYCDWIVTTPLILFSICRLSKVRGTMIAGIIMSDVLMIITGAIAAFSFAPERYVWYIVSCMFEVAIFVILLGAVRTSAMRQHYDVKNLFNLVFTVFSIYFWAYPIVWILGQKGVGLYGTGVESLLIMLLDITAKVFYGFLLLRDRETLQRMGQLS | Q51: 236.0 | R51: MNLLSQVSFWVGCGILAFGSIVFGLGAWNAKRQSWEEFYIVHFTVTTVAACAYLAMAMGQGEITLQNTDLAAEGVRHIYWARYCDWIVTTPLILFSICRLSKVRGTMIAGIIMSDVLMIITGAIAAFSFAPERYVWYIVSCMFEVAIFVILLGAVRTSAMRQHYDVKNLFNLVFTVFSIYFWAYPIVWILGQKGVGLYGTGVESLLIMLLDITAKVFYGFLLLRDRETLQRMGQLS | U51: CyR-II P7104R | V51: CyR_II_P7104R | W51: O50bb08910 | X51: TRUE | Y51: cyanorhodopsin-II P7104R | Z51: cyR2-P7104R | AA51: Proton pump | AB51: CyR_II_P7104R_Nodosilinea nodulosa PCC 7104
A52: 51 | B52: include | C52: PspR | E52: Pseudomonas putida | F52: Bacteria | G52: outward proton pump | H52: outward proton pump | I52: 7W74 | J52: X-ray | K52: 45871 | L52: Suzuki et al., JBC, 2022 | N52: 7W74 | O52: MIQTPLLIGFIVMALASLAIYIKGAHYGPLLGHTLIHAAVPFIAATAYLCMYLGVGNLIKVDGSVTYLARYVDWAFTTPLLLAGVVSSAYYGTRDLYGKSGYITAIVTLDVIMIVTGLIASLAPYGVIKWVFFAWSCAAFAGVLYLLWKPVASIASQQPGVSPAYRRNVGFLTVLWLIYPVVFAVGPEGFWAVSDATTVWVFLVLDVLAKVVYAFTSERNLRAVPV | P52: A0A370SAH7 | Q52: 226.0 | R52: MIQTPLLIGFIVMALASLAIYIKGAHYGPLLGHTLIHAAVPFIAATAYLCMYLGVGNLIKVDGSVTYLARYVDWAFTTPLLLAGVVSSAYYGTRDLYGKSGYITAIVTLDVIMIVTGLIASLAPYGVIKWVFFAWSCAAFAGVLYLLWKPVASIASQQPGVSPAYRRNVGFLTVLWLIYPVVFAVGPEGFWAVSDATTVWVFLVLDVLAKVVYAFTSERNLRAVPV | U52: PspR | V52: PspR | W52: O81a01dd73 | X52: TRUE | Y52: PspR | Z52: PspR | AA52: Proton pump | AB52: PspR_Pseudomonas putida
A53: 52 | B53: include | C53: SpaR | E53: Sphingomonas paucimobilis | F53: Bacteria | G53: outward proton pump | H53: outward proton pump | I53: 8ANQ | J53: X-ray | K53: 45871 | L53: Okhrimenko et al., Commun. Biol., 2023 | N53: 8ANQ | O53: DWMAFLIGFTIMSLASLAIYAKGSKTSPALHHTLLHAAVPFIAATAYLAMTFGIGTLVNFNGSVTYLARYADWSVTTPILLASLVLLAFHERGRTGEVGGYLTAIIVLDVLMIVTGLISSLAVVPALKWVWYLWSCAAFLGVLYLLWVPLRAMAVERGEALGTAYQKNVAFLTVIWFLYPIVFLIGPEGLKIISDPTSVWAILIMDVLAVVYAFYAAANLETALRHH | P53: A0A411LJN5 | Q53: 227.0 | R53: DWMAFLIGFTIMSLASLAIYAKGSKTSPALHHTLLHAAVPFIAATAYLAMTFGIGTLVNFNGSVTYLARYADWSVTTPILLASLVLLAFHERGRTGEVGGYLTAIIVLDVLMIVTGLISSLAVVPALKWVWYLWSCAAFLGVLYLLWVPLRAMAVERGEALGTAYQKNVAFLTVIWFLYPIVFLIGPEGLKIISDPTSVWAILIMDVLAVVYAFYAAANLETALRHH | U53: SpaR | V53: SpaR | W53: O35c4fc4af | X53: TRUE | Y53: SpaR | Z53: SpaR | AA53: Proton pump | AB53: SpaR_Sphingomonas paucimobilis
A54: 53 | B54: include | C54: Kin4B8 | E54: uncultured Bdellovibrionales bacterium | F54: Bacteria | G54: outward proton pump | H54: outward proton pump | I54: 7YTB | J54: cryo-EM | K54: 3.0 | L54: Chazan et al., Nature, 2023 | N54: 7YTB | O54: SATTLTLQQFSTVYNMLSFAVASMLGAFAFFVMGRKIVGPKYRLALVVSSLVVLIAGYHYWRIMGSWTAAYALKDGMYVPTGEPFNDAYRYVDWLLTVPLLLTELVLVMKLKKESGSVLAKLILAAIAMIALGYPGEISNPESQAGARLMWGVLSTVPFLYILYVLWVRLGDAIGEHPAKVQVLLKNTRYLILLTWGFYPIVYAMGSYGWLGGAGSVVAVQVGYSIADVTAKALYGVMIFAIAYAKSEADGSLPA | P54: A0A977XLG0 | Q54: 255.0 | R54: SATTLTLQQFSTVYNMLSFAVASMLGAFAFFVMGRKIVGPKYRLALVVSSLVVLIAGYHYWRIMGSWTAAYALKDGMYVPTGEPFNDAYRYVDWLLTVPLLLTELVLVMKLKKESGSVLAKLILAAIAMIALGYPGEISNPESQAGARLMWGVLSTVPFLYILYVLWVRLGDAIGEHPAKVQVLLKNTRYLILLTWGFYPIVYAMGSYGWLGGAGSVVAVQVGYSIADVTAKALYGVMIFAIAYAKSEADGSLPA | U54: Kin4B8 | V54: Kin4B8 | W54: O3e9ee2413 | X54: TRUE | Y54: Kin4B8 | Z54: Kin4B8 | AA54: Proton pump | AB54: Kin4B8_uncultured Bdellovibrionales bacterium
A55: 54 | B55: include | C55: LR | D55: Mac | E55: Plenodomus lingam | F55: Eukaryota | G55: outward proton pump | H55: outward proton pump | I55: 7BMH | J55: X-ray | K55: 45690 | L55: Zabelskii et al., Commun. Biol., 2021 | N55: 7BMH | O55: PIYETVGDSGSKTLWVVFVLMLIASAAFTALSWKIPVNRRLYHVITTIITLTAALSYFAMATGHGVALNKIVIRTQHDHVPDTYETVYRQVYYARYIDWAITTPLLLLDLGLLAGMSGAHIFMAIVADLIMVLTGLFAAFGSEGTPQKWGWYTIACIAYIFVVWHLVLNGGANARVKGEKLRSFFVAIGAYTLILWTAYPIVWGLADGARKIGVDGEIIAYAVLDVLAGVFGAWLLVTHANLRESD | P55: Q9HGT7 | Q55: 246.0 | R55: PIYETVGDSGSKTLWVVFVLMLIASAAFTALSWKIPVNRRLYHVITTIITLTAALSYFAMATGHGVALNKIVIRTQHDHVPDTYETVYRQVYYARYIDWAITTPLLLLDLGLLAGMSGAHIFMAIVADLIMVLTGLFAAFGSEGTPQKWGWYTIACIAYIFVVWHLVLNGGANARVKGEKLRSFFVAIGAYTLILWTAYPIVWGLADGARKIGVDGEIIAYAVLDVLAGVFGAWLLVTHANLRESD | U55: LR | V55: LR | W55: O90a7c45ea | X55: TRUE | Y55: Mac | Z55: Mac | AA55: Proton pump | AB55: LR_Plenodomus lingam
A56: 55 | B56: include | C56: CsR | E56: Coccomyxa subellipsoidea C-169 | F56: Eukaryota | G56: outward proton pump | H56: outward proton pump | I56: 6GYH | J56: X-ray | K56: 2.0 | L56: Fudim et al., Sci. Signal., 2019 | N56: 6GYH | O56: AVHQIGEGGLVMYWVTFGLMAFSALAFAVMTFTRPLNKRSHGYITLAIVTIAAIAYYAMAASGGKALVSNPDGNLRDIYYARYIDWFFTTPLLLLDIILLTGIPIGVTLWIVLADVAMIMLGLFGALSTNSYRWGYYGVSCAFFFVVLWGLFFPGAKGARARGGQVPGLYFGLAGYLALLWFGYPIVWGLAEGSDYISVTAEAASYAGLDIAAKVVFGWAVMLSH | P56: I0YUS5 | Q56: 225.0 | R56: AVHQIGEGGLVMYWVTFGLMAFSALAFAVMTFTRPLNKRSHGYITLAIVTIAAIAYYAMAASGGKALVSNPDGNLRDIYYARYIDWFFTTPLLLLDIILLTGIPIGVTLWIVLADVAMIMLGLFGALSTNSYRWGYYGVSCAFFFVVLWGLFFPGAKGARARGGQVPGLYFGLAGYLALLWFGYPIVWGLAEGSDYISVTAEAASYAGLDIAAKVVFGWAVMLSH | U56: CsR | V56: CsR | W56: Ocbac91dde | X56: TRUE | Y56: CsR | Z56: CsR | AA56: Proton pump | AB56: CsR_Coccomyxa subellipsoidea C-169
A57: 56 | B57: include | C57: Acetabularia Rhodopsin I | D57: ARI | E57: Acetabularia acetabulum | F57: Eukaryota | G57: outward proton pump | H57: outward proton pump | I57: 5AWZ | J57: X-ray | K57: 45809 | L57: Furuse et al., Acta Crystallogr D Biol Crystallogr, 2015 | N57: 5AWZ | O57: SNPNPFQTTLGTDAQWVVFAVMALAAIVFSIAVQFRPLPLRLTYYVNIAICTIAATAYYAMAVNGGDNKPTAGTGADERQVIYARYIDWVFTTPLLLLDLVLLTNMPATMIAWIMGADIAMIAFGIIGAFTVGSYKWFYFVVGCIMLAVLAWGMINPIFKEELQKHKEYTGAYTTLLIYLIVLWVIYPIVWGLGAGGHIIGVDVEIIAMGILDLLAKPLYAIGVLITVEVVYGKL | P57: G3CEP6 | Q57: 235.0 | R57: SNPNPFQTTLGTDAQWVVFAVMALAAIVFSIAVQFRPLPLRLTYYVNIAICTIAATAYYAMAVNGGDNKPTAGTGADERQVIYARYIDWVFTTPLLLLDLVLLTNMPATMIAWIMGADIAMIAFGIIGAFTVGSYKWFYFVVGCIMLAVLAWGMINPIFKEELQKHKEYTGAYTTLLIYLIVLWVIYPIVWGLGAGGHIIGVDVEIIAMGILDLLAKPLYAIGVLITVEVVYGKL | U57: Acetabularia Rhodopsin I | V57: Acetabularia_Rhodopsin_I | W57: Ob91f0dc0d | X57: TRUE | Y57: ARI | Z57: ARI | AA57: Proton pump | AB57: Acetabularia_Rhodopsin_I_Acetabularia acetabulum
A58: 57 | B58: include | C58: Acetabularia Rhodopsin II | D58: ARII | E58: Acetabularia acetabulum | F58: Eukaryota | G58: outward proton pump | H58: outward proton pump | I58: 3AM6 | J58: X-ray | K58: 45691 | L58: Wada et al., JMB, 2011 | N58: 3AM6 | O58: MADVETETGMIAQWIVFAIMAAAAIAFGVAVHFRPLKSAYYINIAICTIAATAYYAMAVNYQDLTMNGERQVVYARYIDWVLTTPLLLLDLIVMTKMGGVMISWVIGADIFMIVFGILGAFEDEHKFKWVYFIAGCVMQAVLTYGMYNATWKDDKSPEYHSSYVSLLVFLSILWVFYPVVWAFGSGSGVLSVDNEAILMGILDVLAKPLFGMGCLIAHETIFKK | P58: G1K3Q0 | Q58: 224.0 | R58: MADVETETGMIAQWIVFAIMAAAAIAFGVAVHFRPLKSAYYINIAICTIAATAYYAMAVNYQDLTMNGERQVVYARYIDWVLTTPLLLLDLIVMTKMGGVMISWVIGADIFMIVFGILGAFEDEHKFKWVYFIAGCVMQAVLTYGMYNATWKDDKSPEYHSSYVSLLVFLSILWVFYPVVWAFGSGSGVLSVDNEAILMGILDVLAKPLFGMGCLIAHETIFKK | U58: Acetabularia Rhodopsin II | V58: Acetabularia_Rhodopsin_II | W58: O06b79f397 | X58: TRUE | Y58: ARII | Z58: ARII | AA58: Proton pump | AB58: Acetabularia_Rhodopsin_II_Acetabularia acetabulum
A59: 58 | B59: include | C59: HsHR | D59: halorhodopsin | E59: Halobacterium salinarum | F59: Archaea | G59: inward chloride pump | H59: inward chloride pump | I59: 1E12 | J59: X-ray | K59: 45870 | L59: Kolbe et al., Science, 2000 | N59: 1E12 | O59: RENALLSSSLWVNVALAGIAILVFVYMGRTIRPGRPRLIWGATLMIPLVSISSYLGLLSGLTVGMIEMPAGHALAGEMVRSQWGRYLTWALSTPMILLALGLLADVDLGSLFTVIAADIGMCVTGLAAAMTTSALLFRWAFYAISCAFFVVVLSALVTDWAASASSAGTAEIFDTLRVLTVVLWLGYPIVWAVGVEGLALVQSVGATSWAYSVLDVFAKYVFAFILLRWVANNERTVAV | P59: P0DMH7 | Q59: 239.0 | R59: RENALLSSSLWVNVALAGIAILVFVYMGRTIRPGRPRLIWGATLMIPLVSISSYLGLLSGLTVGMIEMPAGHALAGEMVRSQWGRYLTWALSTPMILLALGLLADVDLGSLFTVIAADIGMCVTGLAAAMTTSALLFRWAFYAISCAFFVVVLSALVTDWAASASSAGTAEIFDTLRVLTVVLWLGYPIVWAVGVEGLALVQSVGATSWAYSVLDVFAKYVFAFILLRWVANNERTVAV | U59: HsHR | V59: HsHR | W59: O6dcef2adb | X59: TRUE | Y59: HsHR | Z59: HsHR | AA59: Chloride pump | AB59: HsHR_Halobacterium salinarum
A60: 59 | B60: include | C60: NpHR | E60: Natronomonas pharaonis DSM 2160 | F60: Archaea | G60: inward chloride pump | H60: inward chloride pump | I60: 3A7K | J60: X-ray | K60: 2.0 | L60: Kouyama et al., JMB, 2010 | N60: 3A7K | O60: VTQRELFEFVLNDPLLASSLYINIALAGLSILLFVFMTRGLDDPRAKLIAVSTILVPVVSIASYTGLASGLTISVLEMPAGHFAEGSSVMLGGEEVDGVVTMWGRYLTWALSTPMILLALGLLAGSNATKLFTAITFDIAMCVTGLAAALTTSSHLMRWFWYAISCACFIVVLYILLVEWAQDAKAAGTADIFSTLKLLTVVMWLGYPIVWALGVEGVAVLPVGYTSWAYSALDIVAKYIFAFLLLNYLTSNEGVVSGS | P60: Q3ITX1 | Q60: 259.0 | R60: VTQRELFEFVLNDPLLASSLYINIALAGLSILLFVFMTRGLDDPRAKLIAVSTILVPVVSIASYTGLASGLTISVLEMPAGHFAEGSSVMLGGEEVDGVVTMWGRYLTWALSTPMILLALGLLAGSNATKLFTAITFDIAMCVTGLAAALTTSSHLMRWFWYAISCACFIVVLYILLVEWAQDAKAAGTADIFSTLKLLTVVMWLGYPIVWALGVEGVAVLPVGYTSWAYSALDIVAKYIFAFLLLNYLTSNEGVVSGS | U60: NpHR | V60: NpHR | W60: O6ff5517a8 | X60: TRUE | Y60: NpHR | Z60: NpHR | AA60: Chloride pump | AB60: NpHR_Natronomonas pharaonis DSM 2160
A61: 60 | B61: include | C61: NM-R3 | D61: NmClR, NmHR | E61: Nonlabens marinus S1-08 | F61: Bacteria | G61: inward chloride pump | H61: inward chloride pump | I61: 5B2N | J61: X-ray | K61: 45809 | L61: Hosaka et al., JBC, 2016 | N61: 5B2N | O61: KNIESLFDYSAGQFEFIDHLLTMGVGVHFAALIFFLVVSQFVAPKYRIATALSCIVMVSAGLILNSQAVMWTDAYAYVDGSYQLQDLTFSNGYRYVNWMATIPCLLLQLLIVLNLKGKELFSTATWLILAAWGMIITGYVGQLYEVDDIAQLMIWGAVSTAFFVVMNWIVGTKIFKNRATMLGGTDSTITKVFWLMMFAWTLYPIAYLVPAFMNNADGVVLRQLLFTIADISSKVIYGLMITYIAIQQSAAAGYVPAQQALGR | P61: W8VZW3 | Q61: 263.0 | R61: KNIESLFDYSAGQFEFIDHLLTMGVGVHFAALIFFLVVSQFVAPKYRIATALSCIVMVSAGLILNSQAVMWTDAYAYVDGSYQLQDLTFSNGYRYVNWMATIPCLLLQLLIVLNLKGKELFSTATWLILAAWGMIITGYVGQLYEVDDIAQLMIWGAVSTAFFVVMNWIVGTKIFKNRATMLGGTDSTITKVFWLMMFAWTLYPIAYLVPAFMNNADGVVLRQLLFTIADISSKVIYGLMITYIAIQQSAAAGYVPAQQALGR | U61: NM-R3 | V61: NM_R3 | W61: O980c122b6 | X61: TRUE | Y61: NmClR, NmHR | Z61: NmClR | AA61: Chloride pump | AB61: NM_R3_Nonlabens marinus S1-08
A62: 61 | B62: include | C62: MrHR | D62: MastR | E62: Mastigocladopsis repens | F62: Bacteria | G62: inward chloride pump | H62: inward chloride pump | I62: 6XL3 | J62: X-ray | K62: 45718 | L62: Besaw et al., JBC, 2020 | N62: 6XL3 | O62: MTQAWLWIGVISMALGSVFFGFGAHNAKNERWQILYTLNFFICLIAAGLYLAMALGLGVNVINGRPTYWVRFVTWFCSTPLLLLDLTFLGRTSLPLTGSLLGANAYMLVTGFVATVTPKPMSYIWYIVSCAAYLAIVYLLAQPYRIAAERKHPRSKQAFRTLVTVHLVLWTLYPIVWILSPEGFSTFTQGSETMFYTLLDIASKVGFGFLSLNTLHTLEQATE | Q62: 223.0 | R62: MTQAWLWIGVISMALGSVFFGFGAHNAKNERWQILYTLNFFICLIAAGLYLAMALGLGVNVINGRPTYWVRFVTWFCSTPLLLLDLTFLGRTSLPLTGSLLGANAYMLVTGFVATVTPKPMSYIWYIVSCAAYLAIVYLLAQPYRIAAERKHPRSKQAFRTLVTVHLVLWTLYPIVWILSPEGFSTFTQGSETMFYTLLDIASKVGFGFLSLNTLHTLEQATE | U62: MrHR | V62: MrHR | W62: O029d00a7d | X62: TRUE | Y62: MrHR | Z62: MrHR | AA62: Chloride pump | AB62: MrHR_Mastigocladopsis repens
A63: 62 | B63: include | C63: SyHR | E63: Synechocystis sp. PCC 7509 | F63: Bacteria | G63: inward chloride pump | H63: inward chloride pump | I63: 7ZOU | J63: X-ray | K63: 45809 | L63: Astashkin et al., Nat Commun., 2022 | N63: 7ZOU | O63: AQIWLWIGVIGMALGSIFFGIGAHNAKNERWKILFTINFFICAIATGLYLSMALGQGRSVIAGRPTVWVRYITWFLSTPLLILDLTFLGKTSLPITASLLGANAYMIATGFVATISADRTIGHIWYVVSCFAFLATVYLLVNQYRKQAERNYPQAKKVFRKLLSVHLVLWTLYPIVWLLGNTGFNAVNQGTETMFYTILDITSVGFGFLSLNSMHTLEKNTES | Q63: 223.0 | R63: AQIWLWIGVIGMALGSIFFGIGAHNAKNERWKILFTINFFICAIATGLYLSMALGQGRSVIAGRPTVWVRYITWFLSTPLLILDLTFLGKTSLPITASLLGANAYMIATGFVATISADRTIGHIWYVVSCFAFLATVYLLVNQYRKQAERNYPQAKKVFRKLLSVHLVLWTLYPIVWLLGNTGFNAVNQGTETMFYTILDITSVGFGFLSLNSMHTLEKNTES | U63: SyHR | V63: SyHR | W63: Oeb6cc95eb | X63: TRUE | Y63: SyHR | Z63: SyHR | AA63: Chloride pump | AB63: SyHR_Synechocystis sp. PCC 7509
A64: 63 | B64: include | C64: SsGHR | E64: Salinarimonas soli | F64: Bacteria | G64: inward chloride pump | H64: inward chloride pump | I64: 8XX8 | J64: X-ray | K64: 45810 | L64: Ishizuka et al., JBC, 2024 | N64: 8XX8 | O64: MNPRPIEPATEAWLWVGVAGMALAAIVMLAFVKRARTPFEESQAVSQFFVLLIAFGTYLAMALGQGSLTADDGRQVFVSRYITWTFTTPLLLLGLATTALGSPITRRKPVVAGLIGADIIMILTGLVAALSPSGSHEKWIWYGVSSGAFLAVYYLICGPLLLEARVTGADHRRLYLRNAVVLSVIWFLYPVNFLLGNEGLGQWGGTATTAIYTLLDLASKAAYGFFAITGVRALTDRAGAPALTLDEAARRAGGT | P64: A0A5B2VFD4 | Q64: 255.0 | R64: MNPRPIEPATEAWLWVGVAGMALAAIVMLAFVKRARTPFEESQAVSQFFVLLIAFGTYLAMALGQGSLTADDGRQVFVSRYITWTFTTPLLLLGLATTALGSPITRRKPVVAGLIGADIIMILTGLVAALSPSGSHEKWIWYGVSSGAFLAVYYLICGPLLLEARVTGADHRRLYLRNAVVLSVIWFLYPVNFLLGNEGLGQWGGTATTAIYTLLDLASKAAYGFFAITGVRALTDRAGAPALTLDEAARRAGGT | U64: SsGHR | V64: SsGHR | W64: Of8c0feedc | X64: TRUE | Y64: SsGHR | Z64: SsGHR | AA64: Chloride pump | AB64: SsGHR_Salinarimonas soli
A65: 64 | B65: include | C65: KR2 | D65: Krokinobacter Rhodopsin 2 | E65: Krokinobacter eikastus | F65: Bacteria | G65: outward sodium pump | H65: outward sodium pump | I65: 3X3C | J65: X-ray | K65: 45718 | L65: Kato et al., Nature, 2015 | N65: 3X3C | O65: LGNANFENFIGATEGFSEIAYQFTSHILTLGYAVMLAGLLYFILTIKNVDKKFQMSNILSAVVMVSAFLLLYAQAQNWTSSFTFNEEVGRYFLDPSGDLFNNGYRYLNWLIDVPMLLFQILFVVSLTTSKFSSVRNQFWFSGAMMIITGYIGQFYEVSNLTAFLVWGAISSAFFFHILWVMKKVINEGKEGISPAGQKILSNIWILFLISWTLYPGAYLMPYLTGVDGFLYSEDGVMARQLVYTIADVSSKVIYGVLLGNLAITLSKNKEL | P65: N0DKS8 | Q65: 271.0 | R65: LGNANFENFIGATEGFSEIAYQFTSHILTLGYAVMLAGLLYFILTIKNVDKKFQMSNILSAVVMVSAFLLLYAQAQNWTSSFTFNEEVGRYFLDPSGDLFNNGYRYLNWLIDVPMLLFQILFVVSLTTSKFSSVRNQFWFSGAMMIITGYIGQFYEVSNLTAFLVWGAISSAFFFHILWVMKKVINEGKEGISPAGQKILSNIWILFLISWTLYPGAYLMPYLTGVDGFLYSEDGVMARQLVYTIADVSSKVIYGVLLGNLAITLSKNKEL | U65: KR2 | V65: KR2 | W65: O9001230e7 | X65: TRUE | Y65: KR2 | Z65: KR2 | AA65: Sodium pump | AB65: KR2_Krokinobacter eikastus
A66: 65 | B66: include | C66: ErNaR | E66: Erythrobacter | F66: Bacteria | G66: outward sodium pump | H66: outward sodium pump | I66: 8QLF | J66: X-ray | K66: 45839 | L66: Podoliak et al., Nat Commun., 2024 | N66: 8QLF | O66: MPSIENFLAYDFWQYDVIRHLFAFSTAVFLAGLVYFAMTARTTAPNYRLSANISAVVMVSAALELGQLWLLWNESFQWAELQGSFVPVAGERFSNGYRYMNWLIDVPMLATQLVVVCGFVGTELRNRWAKLTIAGVLMILTGYVGQYFEPAVAGVPGYEGAEQFWIWGIISTAFFVWMLLILANAVRNPQGAPSDEVRSRLKFCFWFLLATWSIYPFAYAMPLFAPTADGVVVRQVIYTVADVSSLVFGVILSQVALRRSAEEGFEPARVA | P66: A0A1H1XA63 | Q66: 271.0 | R66: MPSIENFLAYDFWQYDVIRHLFAFSTAVFLAGLVYFAMTARTTAPNYRLSANISAVVMVSAALELGQLWLLWNESFQWAELQGSFVPVAGERFSNGYRYMNWLIDVPMLATQLVVVCGFVGTELRNRWAKLTIAGVLMILTGYVGQYFEPAVAGVPGYEGAEQFWIWGIISTAFFVWMLLILANAVRNPQGAPSDEVRSRLKFCFWFLLATWSIYPFAYAMPLFAPTADGVVVRQVIYTVADVSSLVFGVILSQVALRRSAEEGFEPARVA | U66: ErNaR | V66: ErNaR | W66: O812d5502f | X66: TRUE | Y66: ErNaR | Z66: ErNaR | AA66: Sodium pump | AB66: ErNaR_Erythrobacter
A67: 66 | B67: include | C67: IaNaR | E67: Indibacter alkaliphilus | F67: Bacteria | G67: outward sodium pump | H67: outward sodium pump | I67: 8JH0 | J67: X-ray | K67: 45871 | L67: Sato et al., JBC, 2023 | N67: 8JH0 | O67: NATFENYIGLQDGFNEMAYQMVAHVLTLGYAVMLAGLFYFVLTIKTVAPRFRTSSVLSVVVMVSAFLLLYVQASNWTESFVFDTERGKYFLGEGNDLFNNGYRYLNWLIDVPMLLFQILFVVTLTKSNFSSIRNQFWISGTGMIVTGYIGQFYEVTDLTMFAIWGAISTVFFFHILWLMKKVIDEGKDGIPAKAQETLQSIWVLFLVSWMLYPGAYLMPHLAGIEGLFFSEIGVVARQITYTIADVSSKVIYGILLTNVAQVMSK | P67: S2D3K4 | Q67: 265.0 | R67: NATFENYIGLQDGFNEMAYQMVAHVLTLGYAVMLAGLFYFVLTIKTVAPRFRTSSVLSVVVMVSAFLLLYVQASNWTESFVFDTERGKYFLGEGNDLFNNGYRYLNWLIDVPMLLFQILFVVTLTKSNFSSIRNQFWISGTGMIVTGYIGQFYEVTDLTMFAIWGAISTVFFFHILWLMKKVIDEGKDGIPAKAQETLQSIWVLFLVSWMLYPGAYLMPHLAGIEGLFFSEIGVVARQITYTIADVSSKVIYGILLTNVAQVMSK | U67: IaNaR | V67: IaNaR | W67: O1a94970fe | X67: TRUE | Y67: IaNaR | Z67: IaNaR | AA67: Sodium pump | AB67: IaNaR_Indibacter alkaliphilus
A68: 67 | B68: include | C68: SzR4 | D68: Schizorhodopsins 4 | E68: Promethearchaeati archaeon | F68: Archaea | G68: inward proton pump | H68: inward proton pump | I68: 7E4G | J68: X-ray | K68: 45659 | L68: Higuchi et al., PNAS, 2019 | N68: 7E4G | O68: MEQIIFYLGIGMFILSTIMFFFLKKKNAKLASINIIVSFVTIVSYILMLSGLFTLSATSGDTIYWTRWAFYAVSCSFLMVEISYLLRIDNTTRLEILVFNSMVMITGLFASISEDLYKWLFFIISSVAYLNVLFLIAKNRSEKKAIILFVAIFWSGFPIVWILSPAGLMVLNAFWTALFYLVLDFITKIYFGFHTTFKH | P68: A0A524F8J2 | Q68: 199.0 | R68: MEQIIFYLGIGMFILSTIMFFFLKKKNAKLASINIIVSFVTIVSYILMLSGLFTLSATSGDTIYWTRWAFYAVSCSFLMVEISYLLRIDNTTRLEILVFNSMVMITGLFASISEDLYKWLFFIISSVAYLNVLFLIAKNRSEKKAIILFVAIFWSGFPIVWILSPAGLMVLNAFWTALFYLVLDFITKIYFGFHTTFKH | U68: SzR4 | V68: SzR4 | W68: O2d97ab806 | X68: TRUE | Y68: SzR4 | Z68: SzR4 | AA68: Proton pump | AB68: SzR4_Promethearchaeati archaeon
A69: 68 | B69: include | C69: NsXeR | E69: Candidatus Nanosalina sp. J07AB43 | F69: Archaea | G69: inward proton pump | H69: inward proton pump | I69: 6EYU | J69: X-ray | K69: 45779 | L69: Shevchenko et al., Sci. Adv., 2017 | N69: 6EYU | O69: MVYEAITAGGFGSQPFILAYIITAMISGLLFLYLPRKLDVPQKFGIIHFFIVVWSGLMYTNFLNQSFLSDYAWYMDWMVSTPLILLALGLTAFHGADTKRYDLLGALLGAEFTLVITGLLAQAQGSITPYYVGVLLLLGVVYLLAKPFREIAEESSDGLARAYKILAGYIGIFFLSYPTVWYISGIDALPGSLNILDPTQTSIALVVLPFFCKQVYGFLDMYLIHKAELEHH | P69: G0QG75 | Q69: 232.0 | R69: MVYEAITAGGFGSQPFILAYIITAMISGLLFLYLPRKLDVPQKFGIIHFFIVVWSGLMYTNFLNQSFLSDYAWYMDWMVSTPLILLALGLTAFHGADTKRYDLLGALLGAEFTLVITGLLAQAQGSITPYYVGVLLLLGVVYLLAKPFREIAEESSDGLARAYKILAGYIGIFFLSYPTVWYISGIDALPGSLNILDPTQTSIALVVLPFFCKQVYGFLDMYLIHKAELEHH | U69: NsXeR | V69: NsXeR | W69: O749a1a243 | X69: TRUE | Y69: NsXeR | Z69: NsXeR | AA69: Proton pump | AB69: NsXeR_Candidatus Nanosalina sp. J07AB43
A70: 69 | B70: include | C70: BcXeR | E70: Bacillus coahuilensis | F70: Bacteria | G70: inward proton pump | H70: inward proton pump | I70: 7ZMY | J70: X-ray | K70: 45839 | L70: Kovalev et al., NSMB, 2023 | N70: 7ZMY | O70: ISILHYGYSFIMLLGALYFYLLSKDPKGVPASEYLIAMVIPLWSGAAYLSIALGQGLFQYDDTTIYYARYIDWVISTPLLLAALALTAMFGGKKNLTLLFSLVALDVFMIITGFVADLSIGTTKYIWYSLGVIALIIILVITFGPLRRIALSNGTRLARHYTRVAIYLSALWVCYPTAWLLGPSGLGLAQELTEVLVFIILPIFSVGFSIVDLHGLRKLHQS | Q70: 222.0 | R70: ISILHYGYSFIMLLGALYFYLLSKDPKGVPASEYLIAMVIPLWSGAAYLSIALGQGLFQYDDTTIYYARYIDWVISTPLLLAALALTAMFGGKKNLTLLFSLVALDVFMIITGFVADLSIGTTKYIWYSLGVIALIIILVITFGPLRRIALSNGTRLARHYTRVAIYLSALWVCYPTAWLLGPSGLGLAQELTEVLVFIILPIFSVGFSIVDLHGLRKLHQS | U70: BcXeR | V70: BcXeR | W70: O5f94e204e | X70: TRUE | Y70: BcXeR | Z70: BcXeR | AA70: Proton pump | AB70: BcXeR_Bacillus coahuilensis
A71: 70 | B71: include | C71: C1C2 | D71: ChRWR, ChEF | E71: Chimera between CrChR1 and CrChR2 (Chlamydomonas reinhardtii) | F71: Synthetic | G71: cation channel | H71: non-selective cation channel | I71: 3UG9 | J71: X-ray | K71: 45718 | L71: Kato et al., Nature, 2012 | N71: 3UG9 | O71: RMLFQTSYTLENNGSVICIPNNGQCFCLAWLKSNGTNAEKLAANILQWITFALSALCLMFYCGWEEIYVATIEMIKFIIEYFHEFDEPAVIYSSNGNKTVWLRYAEWLLTCPVILIHLSNLTGLANDYNKRTMGLLVSDIGTIVWGTTAALSKGYVRVIFFLMGLCYGIYTFFNAAKVYIEAYHTVPKGRCRQVVTGMAWLFFVSWGMFPILFILGPEGFGVLSVYGSTVGHTIIDLMSKNCWGLLGHYLRVLIHEHILIHGDIRKTTKLIEVETLVEDE | P71: Q93WP2,Q8RUT8 | Q71: 280.0 | R71: RMLFQTSYTLENNGSVICIPNNGQCFCLAWLKSNGTNAEKLAANILQWITFALSALCLMFYCGWEEIYVATIEMIKFIIEYFHEFDEPAVIYSSNGNKTVWLRYAEWLLTCPVILIHLSNLTGLANDYNKRTMGLLVSDIGTIVWGTTAALSKGYVRVIFFLMGLCYGIYTFFNAAKVYIEAYHTVPKGRCRQVVTGMAWLFFVSWGMFPILFILGPEGFGVLSVYGSTVGHTIIDLMSKNCWGLLGHYLRVLIHEHILIHGDIRKTTKLIEVETLVEDE | U71: C1C2 | V71: C1C2 | W71: O19e2c6a0f | X71: TRUE | Y71: ChRWR_ChEF | Z71: ChRWR | AA71: Cation channel (non-selective) | AB71: C1C2_Chimera between CrChR1 and CrChR2 (Chlamydomonas reinhardtii)
A72: 71 | B72: include | C72: CrChR2 | D72: ChR2 | E72: Chlamydomonas reinhardtii | F72: Eukaryota | G72: cation channel | H72: non-selective cation channel | I72: 6EID | J72: X-ray | K72: 45718 | L72: Volkov et al., Science, 2017 | N72: 6EID | O72: EDQCYCAGWIESRGTNGAQTASNVLQWLAAGFSILLLMFYAYQTWKSTCGWEEIYVCAIEMVKVILEFFFEFKNPSMLYLATGHRVQWLRYAEWLLTCPVILIHLSNLTGLSNDYSRRTMGLLVSDIGTIVWGATSAMATGYVKVIFFCLGLCYGANTFFHAAKAYIEGYHTVPKGRCRQVVTGMAWLFFVSWGMFPILFILGPEGFGVLSVYGSTVGHTIIDLMSNCWGLLGHYLRVLIHEHILIHGDI | P72: Q8RUT8 | Q72: 250.0 | R72: EDQCYCAGWIESRGTNGAQTASNVLQWLAAGFSILLLMFYAYQTWKSTCGWEEIYVCAIEMVKVILEFFFEFKNPSMLYLATGHRVQWLRYAEWLLTCPVILIHLSNLTGLSNDYSRRTMGLLVSDIGTIVWGATSAMATGYVKVIFFCLGLCYGANTFFHAAKAYIEGYHTVPKGRCRQVVTGMAWLFFVSWGMFPILFILGPEGFGVLSVYGSTVGHTIIDLMSNCWGLLGHYLRVLIHEHILIHGDI | U72: CrChR2 | V72: CrChR2 | W72: O97e0f3d51 | X72: TRUE | Y72: ChR2 | Z72: ChR2 | AA72: Cation channel (non-selective) | AB72: CrChR2_Chlamydomonas reinhardtii
A73: 72 | B73: include | C73: Chrimson | D73: CnChR1 | E73: Chlamydomonas noctigama | F73: Eukaryota | G73: cation channel | H73: proton-selective cation channel | I73: 5ZIH | J73: X-ray | K73: 45810 | L73: Oda et al., Nat Commun., 2018 | N73: 5ZIH | O73: LFQTSYTLENNGSVICIPNNGQCFCLAWLHSRGTPGEKIGAQVCQWIAFSIAIALLTFYGFSATCGWEEVYVCCVEVLFVTLEIFKEFSSPATVYLSTGNHAYCLRYFEWLLSCPVILIKLSNLSGLKNDYSKRTMGLIVSCVGMIVFGMAAGLATDWLKWLLYIVSCIYGGYMYFQAAKCYVEANHSVPKGHCRMVVKLMAYAYFASWGSYPILWAVGPEGLLKLSPYANSIGHSICDIIAEFWTFLAHHLRIKIHEHILIHGDIRKTTKMEIGGEEVEVEEF | P73: Q8L435 | Q73: 284.0 | R73: LFQTSYTLENNGSVICIPNNGQCFCLAWLHSRGTPGEKIGAQVCQWIAFSIAIALLTFYGFSATCGWEEVYVCCVEVLFVTLEIFKEFSSPATVYLSTGNHAYCLRYFEWLLSCPVILIKLSNLSGLKNDYSKRTMGLIVSCVGMIVFGMAAGLATDWLKWLLYIVSCIYGGYMYFQAAKCYVEANHSVPKGHCRMVVKLMAYAYFASWGSYPILWAVGPEGLLKLSPYANSIGHSICDIIAEFWTFLAHHLRIKIHEHILIHGDIRKTTKMEIGGEEVEVEEF | U73: Chrimson | V73: Chrimson | W73: Obeb84a16a | X73: TRUE | Y73: CnChR1 | Z73: CnChR1 | AA73: Cation channel (proton-selective) | AB73: Chrimson_Chlamydomonas noctigama
A74: 73 | B74: include | C74: OLPVR1 | E74: Organic Lake phycodnavirus | F74: Virus | G74: cation channel | H74: non-selective cation channel?? | I74: 7AKY | J74: X-ray | K74: 45748 | L74: Zabelskii et al., Nat Commun., 2020 | N74: 7AKY | O74: DNIIMTAYISIFVQIITAIISVYGLFIPLNFKDIILREILILELIVQIIEFIFYIWLIITLQSINEDITYVRYFDWVLTTPVMLLTTVYFFEYMNSDDGIRKKEINDRDYVYLFYICLSNFFMLLIGYLGETKQINKMLTLFGGSFFLFLTFYLLYVKYTKENWMNYIVFYFMFLVWFLYGFAFMFPFSIKNQMYNILDIVSNIYSIFIFIVILNQSYKLLL | P74: F2Y337 | Q74: 222.0 | R74: DNIIMTAYISIFVQIITAIISVYGLFIPLNFKDIILREILILELIVQIIEFIFYIWLIITLQSINEDITYVRYFDWVLTTPVMLLTTVYFFEYMNSDDGIRKKEINDRDYVYLFYICLSNFFMLLIGYLGETKQINKMLTLFGGSFFLFLTFYLLYVKYTKENWMNYIVFYFMFLVWFLYGFAFMFPFSIKNQMYNILDIVSNIYSIFIFIVILNQSYKLLL | U74: OLPVR1 | V74: OLPVR1 | W74: O399cbde7c | X74: TRUE | Y74: OLPVR1 | Z74: OLPVR1 | AA74: Cation channel (non-selective) | AB74: OLPVR1_Organic Lake phycodnavirus
A75: 74 | B75: include | C75: KnChR | E75: Klebsormidium nitens | F75: Eukaryota | G75: cation channel | H75: non-selective cation channel | I75: XXXX | J75: cryo-EM | L75: not uploaded yet??? | R75: MTVDAHSTVDAHSTVTDSHSAGNGTESCYVADFLGMHHESHEGALYSVYKSLEWGCFLISIGLFVFYLQQYRKKTAGWEVIYIAFIESFKYIFEIFWPHNNPAQLNIYGVNKSVPWVRYMEWMITCPVILMALSNISGEEGEYTHRSMQLLATDQGAILCAITAAASEGAISAVFYAIGVCYGICTFYFCLQIYIEAYFTLPETCHSAVKWMAVIFYAGWLCYPCFFLAGSEGWGNLSYEGSAIGHCIADLLSENAWGVMHWWIRCQLEEYK | U75: KnChR | V75: KnChR | W75: O5f6a97035 | X75: FALSE | Y75: KnChR | Z75: KnChR | AA75: Cation channel (non-selective) | AB75: KnChR_Klebsormidium nitens
A76: 75 | B76: include | C76: TsChR | E76: Tetraselmis striata | F76: Eukaryota | G76: cation channel | H76: non-selective cation channel | I76: XXXX | J76: cryo-EM | L76: manuscript in preparation | R76: MFAINPEYMNETVLLDECTPIYLDIGPLWEQVVARVTQWFGVILSLVFLIYYIWNTYKATCGWEELYVCTVEFCKIIIELYFEYTPPAMIFQTNGQVTPWLRYAEWLLTCPVILIHLSNITGLNDDYSGRTMSLITSDLGGICMAVTAALSKGWLKALFFVIGCGYGASTFYNAACIYIESYYTMPQGICRRLVLWMAGVFFTSWFMFPGLFLAGPEGTQALSWAGTTIGHTVADLLSKNAWGMIGHFLRVEIHKHIIIHGDVRRPVTVKALGRQVSVNCFVDKEEEEEDERI | U76: TsChR | V76: TsChR | W76: Obf13677c6 | X76: FALSE | Y76: TsChR | Z76: TsChR | AA76: Cation channel (non-selective) | AB76: TsChR_Tetraselmis striata
A77: 76 | B77: include | C77: CoChR | E77: Chloromonas oogama | F77: Eukaryota | G77: cation channel | H77: non-selective cation channel | I77: XXXX | J77: cryo-EM | L77: manuscript in preparation | R77: MLGNGSAIVPIDQCFCLAWTDSLGSDTEQLVANILQWFAFGFSILILMFYAYQTWRATCGWEEVYVCCVELTKVIIEFFHEFDDPSMLYLANGHRVQWLRYAEWLLTCPVILIHLSNLTGLKDDYSKRTMRLLVSDVGTIVWGATSAMSTGYVKVIFFVLGCIYGANTFFHAAKVYIESYHVVPKGRPRTVVRIMAWLFFLSWGMFPVLFVVGPEGFDAISVYGSTIGHTIIDLMSKNCWGLLGHYLRVLIHQHIIIYGDIRKKTKINVAGEEMEVETMVDQEDEETV | U77: CoChR | V77: CoChR | W77: Oefdf6b4ff | X77: FALSE | Y77: CoChR | Z77: CoChR | AA77: Cation channel (non-selective) | AB77: CoChR_Chloromonas oogama
A78: 77 | B78: include | C78: ChroME2s | F78: Synthetic | G78: cation channel | H78: non-selective cation channel | I78: XXXX | J78: cryo-EM | L78: manuscript in preparation | R78: METAATMTHAFISAVPSAEATIRGLLSAAAVVTPAADAHGETSNATTAGADHGCFPHINHGTELQHKIAVGLQWFTVIVAIVQLIFYGWHSFKATTGWEEVYVCVIELVKCFIELFHEVDSPATVYQTNGGAVIWLRYSEWLLTCPVILIHLSNLTGLHEEYSKRTMTILVTDIGNIVWGITAAFTKGPLKILFFMIGLFYGVTCFFQIAKVYIESYHTLPKGVCRKICKIMAYVFFCSWLMFPVMFIAGHEGLGLITPYTSGIGHLILDLIAKNTWGFLGHHLRVKIHEHILIHGDIRKTTTINVAGENMEIETFVDEEEEGGVAAAPV | U78: ChroME2s | V78: ChroME2s | W78: O8a4fbf69b | X78: FALSE | Y78: ChroME2s | Z78: ChroME2s | AA78: Cation channel (non-selective) | AB78: ChroME2s_nan
A79: 78 | B79: include | C79: bReaChES | F79: Synthetic | G79: cation channel | H79: non-selective cation channel | I79: XXXX | J79: cryo-EM | L79: manuscript in preparation | R79: MDYGGALSAVGLFQTSYTLENNGSVICIPNNGQCFCLAWLKSNGTNAEKLAANILQWVVFALSVACLGWYAYQAWRATCGWEEVYVALIEMMKSIIEAFHEFDSPATLWLSSGNGVVWMRYGSWLLTCPVILIHLSNLTGLKDDYSKRTMGLLVSDVGCIVWGATSAMCTGWTKILFFLISLSYGMYTYFHAAKVYIEAFHTVPKGLCRQLVRAMAWLFFVSWGMFPVLFLLGPEGFGHISPYGSAIGHSILDLIAKNMWGVLGNYLRVKIHEHILLYGDIRKKQKITIAGQEMEVETLVAEEEDAAAKSRITSEGEYIPLDQIDINVGAPG | U79: bReaChES | V79: bReaChES | W79: O3b3277cc0 | X79: FALSE | Y79: bReaChES | Z79: bReaChES | AA79: Cation channel (non-selective) | AB79: bReaChES_nan
A80: 79 | B80: include | C80: CnChR2 | E80: Chlamydomonas noctigama | F80: Eukaryota | G80: cation channel | H80: non-selective cation channel | I80: XXXX | J80: cryo-EM | L80: manuscript in preparation | R80: MEPVLGLASTAVRELTAGGSGNPYESYKPPEDPCALTPFGCLTNFWCDPQFGLADAKYDYCYVKAAYGELAIVETSRLPWLYSHGSDAEHQGALAMQWMAFALCIICLVFYAYHSWKATTGWEEVYVCVVELVKVLLEIYKEFESPASIYLPTANAALWLRYGEWLLTCPVILIHLSNITGLKDDYNKRTMQLLVSDIGCVVWGITAAFSVGWLKWVFFVLGLLYGSNTYFHAAKVYIESYHTVPKGHCRLIVRLMAYCFYVAWTMYPILFILGPEGLGHMSAYMSTALHGVADMLSKQIWGLLGHHLRVKIFEHILIHGDIRKTTTMQVGGQMVQVEEMVDEEDEDTI | U80: CnChR2 | V80: CnChR2 | W80: Obae8eab0e | X80: FALSE | Y80: CnChR2 | Z80: CnChR2 | AA80: Cation channel (non-selective) | AB80: CnChR2_Chlamydomonas noctigama
A81: 80 | B81: include | C81: ChRmine | E81: Rhodomonas lens | F81: Eukaryota | G81: cation channel | H81: monovalent-selective cation channel | I81: 7W9W | J81: cryo-EM | K81: 2.0 | L81: Kishi et al., Cell, 2022 | N81: 7W9W | O81: MFYVGTMDGWYLDTKLNSVAIGAHWSCFIVLTITTFYLGYESWTSRGPSKRTSFYAGYQEEQNLALFVNFFAMLSYFGKIVADTLGHNFGDVGPFIIGFGNYRYADYMLTCPMLVYDLLYQLRAPYRVSCSAIIFAILMSGVLAEFYAEGDPRLRNGAYAWYGFGCFWFIFAYSIVMSIVAKQYSRLAQLAQDTGAEHSLHVLKFAVFTFSMLWILFPLVWAICPRGFGWIDDNWTEVAHCVCDIVAKSCYGFALARFRKTYDEELFRLL | Q81: 270.0 | R81: MFYVGTMDGWYLDTKLNSVAIGAHWSCFIVLTITTFYLGYESWTSRGPSKRTSFYAGYQEEQNLALFVNFFAMLSYFGKIVADTLGHNFGDVGPFIIGFGNYRYADYMLTCPMLVYDLLYQLRAPYRVSCSAIIFAILMSGVLAEFYAEGDPRLRNGAYAWYGFGCFWFIFAYSIVMSIVAKQYSRLAQLAQDTGAEHSLHVLKFAVFTFSMLWILFPLVWAICPRGFGWIDDNWTEVAHCVCDIVAKSCYGFALARFRKTYDEELFRLL | U81: ChRmine | V81: ChRmine | W81: Oc71658a15 | X81: TRUE | Y81: ChRmine | Z81: ChRmine | AA81: Cation channel (monovalent-selective) | AB81: ChRmine_Rhodomonas lens
A82: 81 | B82: include | C82: CapChR2 | F82: Eukaryota | G82: cation channel | H82: cation channel with high calcium permeability | I82: XXXX | J82: cryo-EM | L82: manuscript in preparation | R82: MLGNGSAIVPIDQCFCLAWTDSLGSDTEQLVANILQWFAFGFDILILMFYAYQTWRATCGWEEVYVCCVELTKVIIEFFHEFDDPSMLYLANGHRVQWLRYAEWLLTCPVICIHLSNLTGLKDDYSKRTMRLLVSDVGCIVWGATSAMSTGYVKVIFFVLGCIYGANTFFHAAKVYIESYHVVPKGRPRTVVRIMAWLFFLSWGMFPVLFVVGPEGFDAISVYGSTIGHTIIDLMSKECWGLLGHYLRVLIHQHIIIYGDIRKKTKINVAGEEMEVETMVDQEDEETV | U82: CapChR2 | V82: CapChR2 | W82: Ob25d6274f | X82: FALSE | Y82: CapChR2 | Z82: CapChR2 | AA82: Cation channel | AB82: CapChR2_nan
A83: 82 | B83: include | C83: GtCCR2 | E83: Guillardia theta | F83: Eukaryota | G83: cation channel | H83: monovalent-selective cation channel?? | I83: 8YEJ | J83: cryo-EM | K83: 45902 | L83: Tanaka et al., Mol Cell., 2024 | N83: 8YEJ | O83: ASSAVITANWISFLAISASFIILLVISLRYKGPGGTESFYNGFKEQNMLTVFINLWCALAYFAKVLQSHSNDNGFAPLTVIPYVDYCTTCPLLTLDLLWCLDAPYKISSAVLVFTCLVIAVACSLAVAPFSYCWFAMGMVLFTFTYVFILSIVRQRLDFFTLCARDSNAKQSLKHLKTAVFIYFGIWLLFPLLWLLSYRAANVISNDINHIFHCILDVIAKSVYGFALLYFKMYFDKKLI | P83: L1K1K8 | Q83: 240.0 | R83: ASSAVITANWISFLAISASFIILLVISLRYKGPGGTESFYNGFKEQNMLTVFINLWCALAYFAKVLQSHSNDNGFAPLTVIPYVDYCTTCPLLTLDLLWCLDAPYKISSAVLVFTCLVIAVACSLAVAPFSYCWFAMGMVLFTFTYVFILSIVRQRLDFFTLCARDSNAKQSLKHLKTAVFIYFGIWLLFPLLWLLSYRAANVISNDINHIFHCILDVIAKSVYGFALLYFKMYFDKKLI | U83: GtCCR2 | V83: GtCCR2 | W83: O2604f4196 | X83: TRUE | Y83: GtCCR2 | Z83: GtCCR2 | AA83: Cation channel (monovalent-selective) | AB83: GtCCR2_Guillardia theta
A84: 83 | B84: include | C84: GtCCR4 | E84: Guillardia theta | F84: Eukaryota | G84: cation channel | H84: monovalent-selective cation channel?? | I84: 8YEL | J84: cryo-EM | K84: 45840 | L84: Tanaka et al., Mol Cell., 2024 | N84: 8YEL | O84: APSLSDPNWQYGMGGWNNPRLPNFNLHDPTVIGVDWLGFLCLLGASLALMYKLMSFKGPDGDQEFFVGYREEKCLSIYVNLIAAITYWGRICAHFNNDMGLSLSVNYFKYLDYIFTCPILTLDLLWSLNLPYKITYSLFVGLTIACGVFCNAFEPPARYLWFMFGCFIFAFTWISIIRLVYARFQQFLNKIRAPLKLSLTLYFSIWCGYPALWLLTEFGAISQLAAHVTTVIMDVAAKSVYGFALLKFQLGVDKRDVWLDELKSV | P84: A0A3G1I4H9 | Q84: 265.0 | R84: APSLSDPNWQYGMGGWNNPRLPNFNLHDPTVIGVDWLGFLCLLGASLALMYKLMSFKGPDGDQEFFVGYREEKCLSIYVNLIAAITYWGRICAHFNNDMGLSLSVNYFKYLDYIFTCPILTLDLLWSLNLPYKITYSLFVGLTIACGVFCNAFEPPARYLWFMFGCFIFAFTWISIIRLVYARFQQFLNKIRAPLKLSLTLYFSIWCGYPALWLLTEFGAISQLAAHVTTVIMDVAAKSVYGFALLKFQLGVDKRDVWLDELKSV | U84: GtCCR4 | V84: GtCCR4 | W84: O6161ba550 | X84: TRUE | Y84: GtCCR4 | Z84: GtCCR4 | AA84: Cation channel (monovalent-selective) | AB84: GtCCR4_Guillardia theta
A85: 84 | B85: include | C85: HcCCR | E85: Hyphochytrium catenoides | F85: Eukaryota | G85: cation channel | H85: cation channel with high sodium permeability | I85: 8GI9 | J85: cryo-EM | K85: 45871 | L85: Morizumi et al., Nat Commun., 2023 | N85: 8GI9 | O85: IHDMDYPLLGAMAAICSVFIGGSGAWMLYRLDLGLGYSCKPHHSGYAPEANSFSALSCLVSGTIYAAKTFDFFDGGGTPFSFNWYWYLDYVFTCPLILLDVLYTLEIPHKLRFVFAVIITLWCGVAAFVTPSAFRFGYYAVGCVWFVPFSFSLLRHVKQRYQVYPPKCQKLLFWACTIFFGFWPLFPILFLFSWLGTGHIDQQAFTIIHAFLDLFCKTVFGLIMTFFRLELEEHTEVLGL | Q85: 240.0 | R85: IHDMDYPLLGAMAAICSVFIGGSGAWMLYRLDLGLGYSCKPHHSGYAPEANSFSALSCLVSGTIYAAKTFDFFDGGGTPFSFNWYWYLDYVFTCPLILLDVLYTLEIPHKLRFVFAVIITLWCGVAAFVTPSAFRFGYYAVGCVWFVPFSFSLLRHVKQRYQVYPPKCQKLLFWACTIFFGFWPLFPILFLFSWLGTGHIDQQAFTIIHAFLDLFCKTVFGLIMTFFRLELEEHTEVLGL | U85: HcCCR | V85: HcCCR | W85: O2cb3d682d | X85: TRUE | Y85: HcCCR | Z85: HcCCR | AA85: Cation channel | AB85: HcCCR_Hyphochytrium catenoides
A86: 85 | B86: include | C86: HcKCR1 | E86: Hyphochytrium catenoides | F86: Eukaryota | G86: cation channel | H86: potassium-selective cation channel | I86: 8H86 | J86: cryo-EM | K86: 45810 | L86: Tajima et al., Cell, 2023 | N86: 8H86 | O86: SRPPEGWPKGSINDMDYPLLGSICAVCCVFVAGSGIWMLYRLDLGMGYSCKPYKSGRAPEVNSLSGIICLLCGTMYAAKSFDFFDGGGTPFSLNWYWYLDYVFTCPLLILDFAFTLDLPHKIRYFFAVFLTLWCGVAAFVTPSAYRFAYYALGCCWFTPFALSLMRHVKERYLVYPPKCQRWLFWACVIFFGFWPMFPILFIFSWLGTGHISQQAFYIIHAFLDLTCKSIFGILMTVFRLELEEHTEVQGLPLNE | Q86: 255.0 | R86: SRPPEGWPKGSINDMDYPLLGSICAVCCVFVAGSGIWMLYRLDLGMGYSCKPYKSGRAPEVNSLSGIICLLCGTMYAAKSFDFFDGGGTPFSLNWYWYLDYVFTCPLLILDFAFTLDLPHKIRYFFAVFLTLWCGVAAFVTPSAYRFAYYALGCCWFTPFALSLMRHVKERYLVYPPKCQRWLFWACVIFFGFWPMFPILFIFSWLGTGHISQQAFYIIHAFLDLTCKSIFGILMTVFRLELEEHTEVQGLPLNE | U86: HcKCR1 | V86: HcKCR1 | W86: Od8d174bad | X86: TRUE | Y86: HcKCR1 | Z86: HcKCR1 | AA86: Cation channel (K+) | AB86: HcKCR1_Hyphochytrium catenoides
A87: 86 | B87: include | C87: HcKCR2 | E87: Hyphochytrium catenoides | F87: Eukaryota | G87: cation channel | H87: potassium-selective cation channel | I87: 8H87 | J87: cryo-EM | K87: 45779 | L87: Tajima et al., Cell, 2023 | N87: 8H87 | O87: PFYDSRPPEGWPRGSVNDMDYPLLGSICAISAIAIAGSGIWMLYRLDLGMGYSCKPYKSGRAPEVNSISGIVCLLCGTMYAAKSFDFFDGGGTPFSLNWYWYLDYVFTCPLLIVDFAFTLDIPQKLRYSIAVFVALWCAVAAFATPSAFRFAYYALGCCWFIPLSLFLIRDVKKRYQVYPPKCQRLLFWACVVFFGFWPLFPLLFIFSWQGSGHISRQAYYIIHAFLDLVCKSIFGFLMTFFRLELEEHTEVQGLPLKE | Q87: 259.0 | R87: PFYDSRPPEGWPRGSVNDMDYPLLGSICAISAIAIAGSGIWMLYRLDLGMGYSCKPYKSGRAPEVNSISGIVCLLCGTMYAAKSFDFFDGGGTPFSLNWYWYLDYVFTCPLLIVDFAFTLDIPQKLRYSIAVFVALWCAVAAFATPSAFRFAYYALGCCWFIPLSLFLIRDVKKRYQVYPPKCQRLLFWACVVFFGFWPLFPLLFIFSWQGSGHISRQAYYIIHAFLDLVCKSIFGFLMTFFRLELEEHTEVQGLPLKE | U87: HcKCR2 | V87: HcKCR2 | W87: Ob66609a1c | X87: TRUE | Y87: HcKCR2 | Z87: HcKCR2 | AA87: Cation channel (K+) | AB87: HcKCR2_Hyphochytrium catenoides
A88: 87 | B88: include | C88: B1ChR2 | E88: Bilabrum sp. | F88: Eukaryota | G88: cation channel | H88: potassium-selective cation channel | I88: 8JXO | J88: cryo-EM | K88: 45840 | L88: Zhang et al., bioRxiv, 2023 | N88: 8JXO | O88: SECCELCVCQKEPGTFGALIAVNTITAIILVAAGAYMAWKTAAGLGWNTRPHGPEGPPEENWLSPGISILCGVMYAFKAIDWASYNDTGESTAFSLNQVWYSDYLITCPLLVLDFCITVNLRYKLVFSSSIACLLAIAVSTFIVDAPYRYYMYGIGLAGFICAGYALWNEINAQREKIPDSAWWYLSAGRLIFFAGWPFFPLLWTLSFHTSGVINEEWYFILHAILDILCKAVFGFFMLGFRLELEELDFKAIEAEQAKLEG | Q88: 262.0 | R88: SECCELCVCQKEPGTFGALIAVNTITAIILVAAGAYMAWKTAAGLGWNTRPHGPEGPPEENWLSPGISILCGVMYAFKAIDWASYNDTGESTAFSLNQVWYSDYLITCPLLVLDFCITVNLRYKLVFSSSIACLLAIAVSTFIVDAPYRYYMYGIGLAGFICAGYALWNEINAQREKIPDSAWWYLSAGRLIFFAGWPFFPLLWTLSFHTSGVINEEWYFILHAILDILCKAVFGFFMLGFRLELEELDFKAIEAEQAKLEG | U88: B1ChR2 | V88: B1ChR2 | W88: Oc7b6307ea | X88: TRUE | Y88: B1ChR2 | Z88: B1ChR2 | AA88: Cation channel (K+) | AB88: B1ChR2_Bilabrum sp.
A89: 88 | B89: include | C89: GtACR1 | E89: Guillardia theta CCMP2712 | F89: Eukaryota | G89: anion channel | H89: non-selective anion channel | I89: 6CSM | J89: X-ray | K89: 45902 | L89: Kim et al., Nature, 2018 | N89: 6CSM | O89: ITCDPAIYGEWSRENQFCVEKSLITLDGIKYVQLVMAVVSACQVFFMVTRAPKVPWEAIYLPTTEMITYSLAFTGNGYIRVANGKYLPWARMASWLCTCPIMLGLVSNMALVKYKSIPLNPMMIAASSICTVFGITASVVLDPLHVWLYCFISSIFFIFEMVVAFAIFAITIHDFQTIGSPMSLKVVERLKLMRIVFYVSWMAYPILWSFSSTGACIMSENTSSVLYLLGDALCKNTYGILLWATTWGLLNGKWDRDYVKGRNVDGTLMPEYEQDLE | P89: L1J207 | Q89: 277.0 | R89: ITCDPAIYGEWSRENQFCVEKSLITLDGIKYVQLVMAVVSACQVFFMVTRAPKVPWEAIYLPTTEMITYSLAFTGNGYIRVANGKYLPWARMASWLCTCPIMLGLVSNMALVKYKSIPLNPMMIAASSICTVFGITASVVLDPLHVWLYCFISSIFFIFEMVVAFAIFAITIHDFQTIGSPMSLKVVERLKLMRIVFYVSWMAYPILWSFSSTGACIMSENTSSVLYLLGDALCKNTYGILLWATTWGLLNGKWDRDYVKGRNVDGTLMPEYEQDLE | U89: GtACR1 | V89: GtACR1 | W89: O7cf72b75d | X89: TRUE | Y89: GtACR1 | Z89: GtACR1 | AA89: Anion channel (non-selective) | AB89: GtACR1_Guillardia theta CCMP2712
A90: 89 | B90: include | C90: iC++ | F90: Synthetic | G90: anion channel | H90: non-selective anion channel | I90: 6CSN | J90: X-ray | K90: 45902 | L90: Kato et al., Nature, 2018 | N90: 6CSN | Q90: 281.0 | R90: LFQTSYTLENQGSVICIPNNGQCFCLAWLKSNGTNAEKLAANILQWISFALSALCLMFYGYTCGWENIYVATIQMIKFIIEYFHSFDEPAVIYSSNGNKTRWLRYASWLLTCPVILIHLSNLTGLANDYNKRTMGLLVSDIGTIVWGTTAALSKGYVRVIFFLMGLCYGIYTFFNAAKVYIEAYHTVPKGRCRQVVTGMAWLFFVSWGMFPILFILGPEGFGVLSRYGSNVGHTIIDLMSKQCWGLLGHYLRVLIHSHILIHGDIRKTTKLIEVETLVEDE | U90: iC++ | V90: iC | W90: Ofb67d07bc | X90: TRUE | Y90: iC++ | Z90: iC++ | AA90: Anion channel (non-selective) | AB90: iC_nan
A91: 90 | B91: include | C91: A1ACR1 | F91: Eukaryota | G91: anion channel | H91: non-selective anion channel | I91: XXXX | J91: cryo-EM | L91: manuscript in preparation | R91: MSYNESVWREDFAQVLLARPKGSGVVSQGVAGARLCVFSCSIALLCFYAFQWKIGRCNLHPIYVQFVTFCVYILSCFGTTDFLYIPVVDHAGVTFDLAIGRYLFWMMTCPVIISNVNILLNIMTPDDIELPQVTFMMVKDIVMIAFGVLAAMQQNITLKWIFNLASYFVFWLVADLIVLMNEKKKFFMVYERCWEWIFAVMIYFFCAQSLFIFLYAVGPPCFNIMGPDGDRIGHSVGDLFAKNLFGFFAWYVRFVVLDPHVKRIRGARAAAA | U91: A1ACR1 | V91: A1ACR1 | W91: Of6b7f6545 | X91: FALSE | Y91: A1ACR1 | Z91: A1ACR1 | AA91: Anion channel (non-selective) | AB91: A1ACR1_nan
A92: 91 | B92: include | C92: R2ACR | F92: Eukaryota | G92: anion channel | H92: non-selective anion channel | I92: XXXX | J92: cryo-EM | L92: manuscript in preparation | R92: MATFNSTWTTYGAWEAANPECAEKMHRSSDAVHVVQLTWAIVSFLQSMFMLSRFPRNAWEAVFLPLAETCLYGLASTGNGYVTMANGRTLPWGRMASWLATCPIIMNQINAVATVNFHGISLNRIQVCASILTIVMGVTASVTDEPPMQWAFFGLGTLCLIVEYVITTIIISAGVAKFQPYVEESETCRKAIGRLYLVRNMIFSTWAAFPIVWLLSPQGACVFGEDVVPLLYLIADALCKNVYGLIWYNTTWVLLGDGVWDPTKHVAKQAPALQQEMTANTSVIMAPAVIQETPC | U92: R2ACR | V92: R2ACR | W92: Oe3783959a | X92: FALSE | Y92: R2ACR | Z92: R2ACR | AA92: Anion channel (non-selective) | AB92: R2ACR_nan
A93: 92 | B93: include | C93: SmChR | F93: Eukaryota | G93: ion channel | H93: ion channel | I93: XXXX | J93: cryo-EM | L93: manuscript in preparation | O93: MDRVRRLQTETCDSVDWSDAHNIAQIAQGTLFLILAIWLIFANNAKVAVGQKAPLEQRHAVCATLSTAVALFSGFFNIMQLTGIDDFDIPGYSGGFVLQLARPVEWVLTCPILQLKLVVLAGARVPSYRRFMMPLLSAAVLLCGVAATFTEGALRYVWFTFGSIFCFIFYHNALQIGENSEGEESLLRGDSDYRRLTLLLIITWFPFPIWFILSPEGFNLVDSELVIEMGWVALNLLAKFSMIILGQRMKMSHQKKMEAARELYGMAPGDAVSGEALDQKALAESSTKGGRRMMDPADYGLGVGEDAE | U93: SmChR | V93: SmChR | W93: O9a4733218 | X93: FALSE | Y93: SmChR | Z93: SmChR | AA93: Ion channel | AB93: SmChR_nan
A94: 93 | B94: include | C94: sensory rhodopsin 2 | D94: NpSRII, pharaonis phoborhodopsin, ppR | E94: Natronomonas pharaonis | F94: Archaea | G94: regulation of transducer | H94: regulation of transducer | I94: 1JGJ | J94: X-ray | K94: 45749 | L94: Luecke et al., Science, 2001 | N94: 1JGJ | O94: MVGLTTLFWLGAIGMLVGTLAFAWAGRDAGSGERRYYVTLVGISGIAAVAYAVMALGVGWVPVAERTVFVPRYIDWILTTPLIVYFLGLLAGLDSREFGIVITLNTVVMLAGFAGAMVPGIERYALFGMGAVAFIGLVYYLVGPMTESASQRSSGIKSLYVRLRNLTVVLWAIYPFIWLLGPPGVALLTPTVDVALIVYLDLVTKVGFGFIALDAAA | P94: P42196 | Q94: 217.0 | R94: MVGLTTLFWLGAIGMLVGTLAFAWAGRDAGSGERRYYVTLVGISGIAAVAYAVMALGVGWVPVAERTVFVPRYIDWILTTPLIVYFLGLLAGLDSREFGIVITLNTVVMLAGFAGAMVPGIERYALFGMGAVAFIGLVYYLVGPMTESASQRSSGIKSLYVRLRNLTVVLWAIYPFIWLLGPPGVALLTPTVDVALIVYLDLVTKVGFGFIALDAAA | U94: sensory rhodopsin 2 | V94: sensory_rhodopsin_2 | W94: Oef5d07a27 | X94: TRUE | Y94: NpSRII | Z94: NpSRII | AA94: Regulation | AB94: sensory_rhodopsin_2_Natronomonas pharaonis
A95: 94 | B95: include | C95: ASR | D95: Anabaena Sensory Rhodopsin | E95: Nostoc sp. PCC 7120 = FACHB-418 | F95: Bacteria | G95: regulation of transducer | H95: regulation of transducer?? | I95: 1XIO | J95: X-ray | K95: 2.0 | L95: Vogeley et al., Science, 2004 | N95: 1XIO | O95: MNLESLLHWIYVAGMTIGALHFWSLSRNPRGVPQYEYLVAMFIPIWSGLAYMAMAIDIAHYARYIDWMVTTPLLLLSLSWTAMQFIKKDWTLIGFLMSTQIVVITSGLIADLSERDWVRYLWYICGVCAFLIILWGIWNPLRAKTRTQSSELANLYDKLVTYFTVLWIGYPIVWIIGPSGFGWINQTIDTFLFCLLPFFSKVGFSFLDLHGLRNLND | P95: Q8YSC4 | Q95: 217.0 | R95: MNLESLLHWIYVAGMTIGALHFWSLSRNPRGVPQYEYLVAMFIPIWSGLAYMAMAIDIAHYARYIDWMVTTPLLLLSLSWTAMQFIKKDWTLIGFLMSTQIVVITSGLIADLSERDWVRYLWYICGVCAFLIILWGIWNPLRAKTRTQSSELANLYDKLVTYFTVLWIGYPIVWIIGPSGFGWINQTIDTFLFCLLPFFSKVGFSFLDLHGLRNLND | U95: ASR | V95: ASR | W95: O1a3cf7bfb | X95: TRUE | Y95: Anabaena Sensory Rhodopsin | Z95: ASR | AA95: Regulation | AB95: ASR_Nostoc sp. PCC 7120 = FACHB-418
A96: 95 | B96: include | C96: RhPDE (TM domain) | E96: Salpingoeca rosetta | F96: Eukaryota | G96: regulation of phosphodiesterase | H96: regulation of phosphodiesterase | I96: 7CJ3 | J96: X-ray | K96: 45810 | L96: Ikuta et al., Nat. Commun., 2020 | N96: 7CJ3 | O96: ASTKEVQWQGIFMIIVWLCVMGSLIFFANPEASRRVFAKFSHLQSFYGATSVAFAFATGLDILAYVNAVSDEKRVLSGILAYVDGVACISYLSMATLNLYFLVDSTQGNPVWLMRYAEWIITCPTLLYWCGLASRADRSSVSDIATADALLLAGGALSSILPSWPAFFVFAGSFATYIYVMLHMWGMFGKAMQPDFQPPPPLPRHALHLLRCEIVMSWSIFPLVEFLRRQGYIDFQVGEAMNCVADYAAKVGLAMIMVNCNLEQ | P96: F2TZN0 | Q96: 264.0 | R96: ASTKEVQWQGIFMIIVWLCVMGSLIFFANPEASRRVFAKFSHLQSFYGATSVAFAFATGLDILAYVNAVSDEKRVLSGILAYVDGVACISYLSMATLNLYFLVDSTQGNPVWLMRYAEWIITCPTLLYWCGLASRADRSSVSDIATADALLLAGGALSSILPSWPAFFVFAGSFATYIYVMLHMWGMFGKAMQPDFQPPPPLPRHALHLLRCEIVMSWSIFPLVEFLRRQGYIDFQVGEAMNCVADYAAKVGLAMIMVNCNLEQ | U96: RhPDE (TM domain) | V96: RhPDE_TM_domain | W96: O3c52fc2e7 | X96: TRUE | Y96: RhPDE (TM domain) | Z96: SrRhPDE | AA96: Regulation | AB96: RhPDE_TM_domain_Salpingoeca rosetta
A97: 96 | B97: include | C97: Tara-RRB | D97: BestR, Bestrhodopsin | E97: Phaeocystis | F97: Eukaryota | G97: regulation of ion channel | H97: regulation of ion channel | I97: 7PL9 | J97: cryo-EM | K97: 45691 | L97: Rozenberg et al., NSMB, 2022 | N97: 7PL9 | O97: SDLNFAQVARDEGRRCLLMCVAFAIAIAHLYIYPALFGVRIVDQAEVPAEERTYFHHGWTAMLVIFFIEGVTVFLKVCSTRKTRWLEKAVLQKLDGNIGVLIGEYIVVAATYIIMGANLIPVFERSGRRVYAVRYMEWTIDACGLVYLDCRILFGMPFSKFRMLLVYSVLYMLFGLWAALASTWMWYAIFLSASWFFFGLVCYYYWTFHRQNPSPLQQFGRAPIKQAILVFVIVWWVLYGVLFMLCFQAPDVVPQWLEQLLWTGMDVVMKLSHTVVLMAWRETQWEIDAVVDRQKVEAGRAIAQLDHQRAIHERDLVRLRSRVYYFARVNKIFMREAGLCLVLCLAFVVALLHLPVYSEWFGVEVLDAEAVPHDELGFFHHGWTTMLVVFLIESITVLLKVWSTWHDPRLAENVAQQLSGNLGVLIAEYLVVGATYVILGYNLMPVFVVHRPGVASRRVYAVRYMEWAVDATGLIWLDCHCLFSRNFNEFRMAIVWTVAYMLFGLWSALASTWAWYWAFLLASWAAFLIVCLILVRFLRQDPYPHQPFGKTSVKPCILAFIIGWWVLYGILFMVCFQAPDAVPQWLEQFLWTGMDVVMKLSHTVVLMAWRTTEWNVCELHGRNSTNWTATPGLRVDLSSMVRLEGQLAQGLVTDVHRKGMMRSEDLAELKRLEESGFLQAQQHRNWESQTREMTFLAHGINHIAYDPRSWMKTLTAVRGRAPTSFLLWVVLIESSIVLALSKFFGESFDLGVSSGIHSLFGVLVSFLVVFRTQAAFKKWWSGRSAVSSLVQMSRTFAQQVCAYVKDEAYVNRMVRYSIATVVATRCHLRNTRIDPAMLLGVLKEEEIEELNRQKNLPFYTAWVIRSTLAEAVAEGACLPLHMAIENAIKAIEQSIADAERLLTPMPFTYVVHVRTFLFIYLMGLPFILVEDLGWLMLVAVSFLGYLMIGLENTAVQLENPFGTDCNHHPLDLYCLEVSQDLLHLLDLRASAKAQ | Q97: 994.0 | R97: SDLNFAQVARDEGRRCLLMCVAFAIAIAHLYIYPALFGVRIVDQAEVPAEERTYFHHGWTAMLVIFFIEGVTVFLKVCSTRKTRWLEKAVLQKLDGNIGVLIGEYIVVAATYIIMGANLIPVFERSGRRVYAVRYMEWTIDACGLVYLDCRILFGMPFSKFRMLLVYSVLYMLFGLWAALASTWMWYAIFLSASWFFFGLVCYYYWTFHRQNPSPLQQFGRAPIKQAILVFVIVWWVLYGVLFMLCFQAPDVVPQWLEQLLWTGMDVVMKLSHTVVLMAWRETQWEIDAVVDRQKVEAGRAIAQLDHQRAIHERDLVRLRSRVYYFARVNKIFMREAGLCLVLCLAFVVALLHLPVYSEWFGVEVLDAEAVPHDELGFFHHGWTTMLVVFLIESITVLLKVWSTWHDPRLAENVAQQLSGNLGVLIAEYLVVGATYVILGYNLMPVFVVHRPGVASRRVYAVRYMEWAVDATGLIWLDCHCLFSRNFNEFRMAIVWTVAYMLFGLWSALASTWAWYWAFLLASWAAFLIVCLILVRFLRQDPYPHQPFGKTSVKPCILAFIIGWWVLYGILFMVCFQAPDAVPQWLEQFLWTGMDVVMKLSHTVVLMAWRTTEWNVCELHGRNSTNWTATPGLRVDLSSMVRLEGQLAQGLVTDVHRKGMMRSEDLAELKRLEESGFLQAQQHRNWESQTREMTFLAHGINHIAYDPRSWMKTLTAVRGRAPTSFLLWVVLIESSIVLALSKFFGESFDLGVSSGIHSLFGVLVSFLVVFRTQAAFKKWWSGRSAVSSLVQMSRTFAQQVCAYVKDEAYVNRMVRYSIATVVATRCHLRNTRIDPAMLLGVLKEEEIEELNRQKNLPFYTAWVIRSTLAEAVAEGACLPLHMAIENAIKAIEQSIADAERLLTPMPFTYVVHVRTFLFIYLMGLPFILVEDLGWLMLVAVSFLGYLMIGLENTAVQLENPFGTDCNHHPLDLYCLEVSQDLLHLLDLRASAKAQ | S97: 349.0 | T97: 1.0 | U97: Tara-RRB | V97: Tara_RRB | W97: O3b4905d95 | X97: TRUE | Y97: BestR, Bestrhodopsin | Z97: Tara-RRB | AA97: Regulation | AB97: Tara_RRB_Phaeocystis
A98: 97 | B98: include | C98: OLPVRII | E98: Organic Lake phycodnavirus | F98: Virus | G98: unknown | H98: unknown? | I98: 6SQG | J98: X-ray | K98: 45901 | L98: Bratanov et al., Nat Commun., 2019 | N98: 6SQG | O98: MSDLIEYSFYLTYAFLMTTGTITFIEALRTKNESVRHILNLETCISVVAAFFYSNFIGKLEHINYEEINLNRYVDWAITTPIMLLVLVLAFRVNQTNKAMVKFSDFMIILGMNYGMLGTGYLGDIGVIHKTMGTVLGFLFFGGLFYKLNTLRTSNASNDLLYGAFFVLWALYGVFYQMEQLPRNVGYNVLDLFSKCFVGIYFWAFYAKIFTL | P98: F2Y2Z0 | Q98: 212.0 | R98: MSDLIEYSFYLTYAFLMTTGTITFIEALRTKNESVRHILNLETCISVVAAFFYSNFIGKLEHINYEEINLNRYVDWAITTPIMLLVLVLAFRVNQTNKAMVKFSDFMIILGMNYGMLGTGYLGDIGVIHKTMGTVLGFLFFGGLFYKLNTLRTSNASNDLLYGAFFVLWALYGVFYQMEQLPRNVGYNVLDLFSKCFVGIYFWAFYAKIFTL | U98: OLPVRII | V98: OLPVRII | W98: O30b5a6c0d | X98: TRUE | Y98: OLPVRII | Z98: OLPVRII | AA98: Unknown | AB98: OLPVRII_Organic Lake phycodnavirus
A99: 98 | B99: include | C99: O1O2 | F99: Synthetic | G99: unknown | H99: unknown? | I99: 7AKW | J99: X-ray | K99: 2.0 | L99: Zabelskii et al., Nat Commun., 2020 | N99: 7AKW | O99: MDNIIMTAYISIFVQIITAIISVYGLFIPLNFKDIILREILILELIVQIIEFIFYIWLIITLQSINEDITYVRYFDWVLTTPVMLLTTVYFFEYMNSDDGIRKKEINDRDYVYLFYICLSNFFMLLIGYLGETKQINKMLTLFGGSFFLFLTFYLLYVKYTKENWMNYLVFGAMFLLWALYGFAFMFPFSIKNQMYNILDIFSKNFVSIFFFIVILNQSYKLL | P99: F2Y337 | Q99: 223.0 | R99: MDNIIMTAYISIFVQIITAIISVYGLFIPLNFKDIILREILILELIVQIIEFIFYIWLIITLQSINEDITYVRYFDWVLTTPVMLLTTVYFFEYMNSDDGIRKKEINDRDYVYLFYICLSNFFMLLIGYLGETKQINKMLTLFGGSFFLFLTFYLLYVKYTKENWMNYLVFGAMFLLWALYGFAFMFPFSIKNQMYNILDIFSKNFVSIFFFIVILNQSYKLL | U99: O1O2 | V99: O1O2 | W99: O88f14d079 | X99: TRUE | Y99: O1O2 | Z99: O1O2 | AA99: Unknown | AB99: O1O2_nan
A100: 99 | B100: include | C100: middle rhodopsin | D100: HwMR | E100: Haloquadratum walsbyi DSM 16790 | F100: Archaea | G100: unknown | H100: unknown? | I100: 8WEW | J100: X-ray | K100: 45779 | L100: Yang, et al., Research Square, 2024 | N100: 8WEW | O100: TPGSEATWLWIGTIGMVLGTVYFAVRGRGSTDPEQQTYYIITTLIPAIAAAAYLAMATGLGVISMPIRGTEVIDIYWARYADWLLTTPLLIIDLALVAGARKQTLYKLIIIDAIMILGGLAGSMMQQGAVIRIVWWAVSTAAFIILLYYLLGELSERARSRSAETGIVFNRLRNITLGLWALYPIVWILGTGGGFGIIAVTTEIMLYVMLDIGTKIGFGAVLLESQDVLQAAS | P100: Q18DH5 | Q100: 233.0 | R100: TPGSEATWLWIGTIGMVLGTVYFAVRGRGSTDPEQQTYYIITTLIPAIAAAAYLAMATGLGVISMPIRGTEVIDIYWARYADWLLTTPLLIIDLALVAGARKQTLYKLIIIDAIMILGGLAGSMMQQGAVIRIVWWAVSTAAFIILLYYLLGELSERARSRSAETGIVFNRLRNITLGLWALYPIVWILGTGGGFGIIAVTTEIMLYVMLDIGTKIGFGAVLLESQDVLQAAS | U100: middle rhodopsin | V100: middle_rhodopsin | W100: O03f6a8412 | X100: TRUE | Y100: HwMR | Z100: HwMR | AA100: Unknown | AB100: middle_rhodopsin_Haloquadratum walsbyi DSM 16790
...

Sheet statics
B2: All_include | C2: =COUNTIF(mo_exp_identity_UTedited6!B2:B982,"include") -> 149 | E2: Archaea | F2: =COUNTIFS(mo_exp_identity_UTedited6!$B$2:$B$982,"include",mo_exp_identity_UTedited6!$F$2:$F$982,E2) -> 25 | H2: anion channel | I2: =COUNTIFS(mo_exp_identity_UTedited6!$B$2:$B$982,"include",mo_exp_identity_UTedited6!$G$2:$G$982,H2) -> 19
E3: Bacteria | F3: =COUNTIFS(mo_exp_identity_UTedited6!$B$2:$B$982,"include",mo_exp_identity_UTedited6!$F$2:$F$982,E3) -> 45 | H3: cation channel | I3: =COUNTIFS(mo_exp_identity_UTedited6!$B$2:$B$982,"include",mo_exp_identity_UTedited6!$G$2:$G$982,H3) -> 30
E4: Eukaryota | F4: =COUNTIFS(mo_exp_identity_UTedited6!$B$2:$B$982,"include",mo_exp_identity_UTedited6!$F$2:$F$982,E4) -> 69 | H4: HeR | I4: =COUNTIFS(mo_exp_identity_UTedited6!$B$2:$B$982,"include",mo_exp_identity_UTedited6!$G$2:$G$982,H4) -> 7
E5: Virus | F5: =COUNTIFS(mo_exp_identity_UTedited6!$B$2:$B$982,"include",mo_exp_identity_UTedited6!$F$2:$F$982,E5) -> 5 | H5: inward chloride pump | I5: =COUNTIFS(mo_exp_identity_UTedited6!$B$2:$B$982,"include",mo_exp_identity_UTedited6!$G$2:$G$982,H5) -> 12
E6: Synthetic | F6: =COUNTIFS(mo_exp_identity_UTedited6!$B$2:$B$982,"include",mo_exp_identity_UTedited6!$F$2:$F$982,E6) -> 5 | H6: inward proton pump | I6: =COUNTIFS(mo_exp_identity_UTedited6!$B$2:$B$982,"include",mo_exp_identity_UTedited6!$G$2:$G$982,H6) -> 8
F7: =SUM(F2:F6) -> 149 | H7: ion channel | I7: =COUNTIFS(mo_exp_identity_UTedited6!$B$2:$B$982,"include",mo_exp_identity_UTedited6!$G$2:$G$982,H7) -> 1
H8: outward proton pump | I8: =COUNTIFS(mo_exp_identity_UTedited6!$B$2:$B$982,"include",mo_exp_identity_UTedited6!$G$2:$G$982,H8) -> 33
H9: outward sodium pump | I9: =COUNTIFS(mo_exp_identity_UTedited6!$B$2:$B$982,"include",mo_exp_identity_UTedited6!$G$2:$G$982,H9) -> 6
H10: regulation of guanylyl cyclase | I10: =COUNTIFS(mo_exp_identity_UTedited6!$B$2:$B$982,"include",mo_exp_identity_UTedited6!$G$2:$G$982,H10) -> 8
H11: regulation of histidine kinase | I11: =COUNTIFS(mo_exp_identity_UTedited6!$B$2:$B$982,"include",mo_exp_identity_UTedited6!$G$2:$G$982,H11) -> 3
H12: regulation of ion channel | I12: =COUNTIFS(mo_exp_identity_UTedited6!$B$2:$B$982,"include",mo_exp_identity_UTedited6!$G$2:$G$982,H12) -> 5
H13: regulation of phosphodiesterase | I13: =COUNTIFS(mo_exp_identity_UTedited6!$B$2:$B$982,"include",mo_exp_identity_UTedited6!$G$2:$G$982,H13) -> 4
H14: regulation of transducer | I14: =COUNTIFS(mo_exp_identity_UTedited6!$B$2:$B$982,"include",mo_exp_identity_UTedited6!$G$2:$G$982,H14) -> 8
H15: unknown | I15: =COUNTIFS(mo_exp_identity_UTedited6!$B$2:$B$982,"include",mo_exp_identity_UTedited6!$G$2:$G$982,H15) -> 5
I16: =SUM(I2:I15) -> 149
